id,time,lon,lat,GPS_Alt,roll,pitch,yaw,RTK
DSC09463,2022/8/6 4:31,120.0404038,29.018853,827.6,1,4.9,-107.3,2
DSC09464,2022/8/6 4:31,120.0396273,29.018904,828.6,31.7,-2,-89.2,2
DSC09465,2022/8/6 4:31,120.0389638,29.0192599,828.5,29.1,0.6,-50.3,2
DSC09466,2022/8/6 4:31,120.0386436,29.0198658,828.4,24.3,2.3,-16.2,2
DSC09467,2022/8/6 4:31,120.0386415,29.0205379,828.4,2.7,2.8,1.3,2
DSC09468,2022/8/6 4:31,120.0387038,29.0212001,827.8,-2.2,4.5,-7,2
DSC09469,2022/8/6 4:31,120.0387077,29.0218653,827.9,2.1,3.2,-11.2,2
DSC09470,2022/8/6 4:31,120.0386854,29.022525,827.8,2.3,3.5,-11.8,2
DSC09471,2022/8/6 4:31,120.0386623,29.0231849,828.1,0,-0.8,-8.8,2
DSC09472,2022/8/6 4:31,120.038622,29.0238927,828.7,2.4,2.6,-9.8,2
DSC09473,2022/8/6 4:31,120.0385992,29.0246138,828.2,-0.8,1.4,-6.9,2
DSC09474,2022/8/6 4:31,120.0385733,29.025355,829.7,1.5,-1.7,-12.6,2
DSC09475,2022/8/6 4:31,120.0385286,29.026091,830.3,1.2,-3.7,-8.1,2
DSC09476,2022/8/6 4:31,120.0384875,29.0268349,831.2,6.7,-7.5,-4.3,2
DSC09477,2022/8/6 4:31,120.0384857,29.0275719,831.7,-2.9,-5.1,-4.7,2
DSC09478,2022/8/6 4:31,120.0384691,29.0282803,831.7,-0.2,-6.5,-8,2
DSC09479,2022/8/6 4:31,120.0384284,29.0289684,831.9,0.8,-5.6,-6.4,2
DSC09480,2022/8/6 4:31,120.0383896,29.0296428,829.9,0.7,-2.6,-6.6,2
DSC09481,2022/8/6 4:31,120.0383406,29.0303021,828.8,2.3,-1.1,-6.9,2
DSC09482,2022/8/6 4:31,120.0382954,29.0309768,827.6,6.5,2,-4.6,2
DSC09483,2022/8/6 4:32,120.0383116,29.0316936,829.4,-5.1,-3.7,1.7,2
DSC09484,2022/8/6 4:32,120.0382822,29.0324443,832.5,-2.9,-9.5,-10.2,2
DSC09485,2022/8/6 4:32,120.0382105,29.0331956,834.4,5.7,-9.7,1.2,2
DSC09486,2022/8/6 4:32,120.038193,29.0339483,834.4,-1.8,-7.9,-9,2
DSC09487,2022/8/6 4:32,120.0381525,29.0347079,833.8,0.6,-9,-6.4,2
DSC09488,2022/8/6 4:32,120.038105,29.0354691,832.5,2.9,-5.9,-4.8,2
DSC09489,2022/8/6 4:32,120.0380715,29.0361939,831.7,1.3,-5.3,-11.6,2
DSC09490,2022/8/6 4:32,120.038029,29.036882,830.3,3,-4.9,-13.6,2
DSC09491,2022/8/6 4:32,120.0379924,29.0375777,829.7,0.9,-4.9,-6.7,2
DSC09492,2022/8/6 4:32,120.0379745,29.0382407,828.6,0,-1.7,-6.3,2
DSC09493,2022/8/6 4:32,120.0379537,29.0388715,828.5,3,-3.6,-10.2,2
DSC09494,2022/8/6 4:32,120.0379275,29.0395264,830.8,-1.9,-7.4,-9.6,2
DSC09495,2022/8/6 4:32,120.0378789,29.0401721,829.3,0.5,-2.5,-8.4,2
DSC09496,2022/8/6 4:32,120.0378474,29.0408209,826.5,-0.1,4,-11.4,2
DSC09497,2022/8/6 4:32,120.0378184,29.0414621,825.6,2.4,3.6,-12.8,2
DSC09498,2022/8/6 4:32,120.0377762,29.0421201,825.5,3.4,5.3,-10.6,2
DSC09499,2022/8/6 4:32,120.0377449,29.042785,825.4,1.8,5.3,-12,2
DSC09500,2022/8/6 4:32,120.0377128,29.043472,825.5,1.8,5.1,-11.6,2
DSC09501,2022/8/6 4:32,120.0376778,29.0441594,826.1,3.2,4.1,-6.1,2
DSC09502,2022/8/6 4:32,120.0376447,29.0448542,826.5,2.3,2.8,-6.9,2
DSC09503,2022/8/6 4:33,120.0376962,29.0455654,828.9,30.8,-6.1,15,2
DSC09504,2022/8/6 4:33,120.0381452,29.0462209,830.1,27,-4.3,45.3,2
DSC09505,2022/8/6 4:33,120.0388541,29.0466113,828.5,31.5,-2.9,79.4,2
DSC09506,2022/8/6 4:33,120.0396387,29.0466084,827.2,29.9,1,110.8,2
DSC09507,2022/8/6 4:33,120.040245,29.0462513,826.2,30.5,1.9,152.3,2
DSC09508,2022/8/6 4:33,120.0404319,29.0457318,826.4,17.8,1,-172.5,2
DSC09509,2022/8/6 4:33,120.0403366,29.045219,827.9,-2.2,0.9,-157,2
DSC09510,2022/8/6 4:33,120.0401731,29.0446611,828,-15,0.7,-164.6,2
DSC09511,2022/8/6 4:33,120.0401675,29.0440341,827.2,-0.7,1.6,175.3,2
DSC09512,2022/8/6 4:33,120.040237,29.0434265,826.8,2.8,4,175.9,2
DSC09513,2022/8/6 4:33,120.0402886,29.0428141,826.3,3.2,2.6,176.5,2
DSC09514,2022/8/6 4:33,120.0403119,29.0421809,827.3,1.1,2.2,-175.5,2
DSC09515,2022/8/6 4:33,120.0402921,29.0415414,829.8,-6.7,-5.2,-170.1,2
DSC09516,2022/8/6 4:33,120.0403148,29.0408656,831.1,-2.3,-6,169.9,2
DSC09517,2022/8/6 4:33,120.0403982,29.0401848,831.9,0.4,-6.5,169,2
DSC09518,2022/8/6 4:33,120.0404689,29.0395055,832.3,6.1,-6.9,-179.7,2
DSC09519,2022/8/6 4:33,120.0404748,29.0388606,831.2,-2.7,-4.2,-179.7,2
DSC09520,2022/8/6 4:33,120.0405014,29.0382499,829.3,0.1,-2.4,173.9,2
DSC09521,2022/8/6 4:33,120.0405278,29.0376273,829,-0.4,-2.8,179.6,2
DSC09522,2022/8/6 4:33,120.0405662,29.0369904,828.9,1.7,-2,170.6,2
DSC09523,2022/8/6 4:34,120.0406552,29.0363484,829.9,9.3,-4.4,166.9,2
DSC09524,2022/8/6 4:34,120.0407047,29.0357005,830.6,4.9,-6.4,174.7,2
DSC09525,2022/8/6 4:34,120.0407064,29.0350594,830.9,-0.4,-4.4,165.7,2
DSC09526,2022/8/6 4:34,120.040723,29.0344691,829.1,-1.2,1,167.4,2
DSC09527,2022/8/6 4:34,120.0407218,29.0339004,827.6,-4,-1.2,171.6,2
DSC09528,2022/8/6 4:34,120.0406899,29.0333328,828,-7.3,-0.9,179.1,2
DSC09529,2022/8/6 4:34,120.0407178,29.032752,826.3,0.3,3,163.6,2
DSC09530,2022/8/6 4:34,120.0408071,29.0321452,827.5,3.1,0.7,161.2,2
DSC09531,2022/8/6 4:34,120.0408891,29.0314785,826.9,6.7,0.5,170.7,2
DSC09532,2022/8/6 4:34,120.0409147,29.0308147,826.9,1.5,2.3,167.5,2
DSC09533,2022/8/6 4:34,120.0409517,29.030201,825.2,3.6,5.3,167.3,2
DSC09534,2022/8/6 4:34,120.0409814,29.0295672,825.5,5.5,3.6,171.1,2
DSC09535,2022/8/6 4:34,120.0409865,29.0289151,827.5,-0.9,-0.7,161.9,2
DSC09536,2022/8/6 4:34,120.0410376,29.0282407,827.7,2.8,0,167.3,2
DSC09537,2022/8/6 4:34,120.0410668,29.0275336,829.4,0.4,-4.1,165.5,2
DSC09538,2022/8/6 4:34,120.0411021,29.0268513,829.6,4.5,-3.6,168.1,2
DSC09539,2022/8/6 4:34,120.0411315,29.0262021,828.2,2.2,-0.8,165.1,2
DSC09540,2022/8/6 4:34,120.0411616,29.0255951,827.5,3.8,-1,177.9,2
DSC09541,2022/8/6 4:34,120.0411501,29.0250041,827.1,-2.7,1.8,170.9,2
DSC09542,2022/8/6 4:34,120.041191,29.0243935,826.1,4.6,4.5,173.5,2
DSC09543,2022/8/6 4:35,120.0412343,29.0237863,825.5,1.7,5.9,169.7,2
DSC09544,2022/8/6 4:35,120.0412771,29.023191,825.5,4.7,4.8,173.5,2
DSC09545,2022/8/6 4:35,120.0413037,29.0226042,826,2.5,4.5,170.3,2
DSC09546,2022/8/6 4:35,120.0413319,29.0220244,826.5,0.8,2.6,168.9,2
DSC09547,2022/8/6 4:35,120.0413654,29.0214188,827.4,4.2,1.2,172.1,2
DSC09548,2022/8/6 4:35,120.0413849,29.020795,828.7,1.1,0,168.7,2
DSC09549,2022/8/6 4:35,120.0414323,29.0201702,829,-29,0.3,170.6,2
DSC09550,2022/8/6 4:35,120.0417965,29.0196536,828.3,-25.9,-5,125.5,2
DSC09551,2022/8/6 4:35,120.042447,29.0194579,830.5,-7.4,-6.8,96.5,2
DSC09552,2022/8/6 4:35,120.0431518,29.0194128,830,-15.9,-2.2,91.7,2
DSC09553,2022/8/6 4:35,120.0438072,29.0195647,827.3,-33.6,-2.6,49.3,2
DSC09554,2022/8/6 4:35,120.0441198,29.0200952,827.4,-19,-2,5,2
DSC09555,2022/8/6 4:35,120.044118,29.0207441,828.6,-0.5,-1.4,-3.3,2
DSC09556,2022/8/6 4:35,120.0440749,29.0214203,829.5,0.6,-2.4,-2.6,2
DSC09557,2022/8/6 4:35,120.0440248,29.0221194,829.1,2.1,-0.2,-0.6,2
DSC09558,2022/8/6 4:35,120.0439842,29.0228286,828,2.3,1.4,-7.4,2
DSC09559,2022/8/6 4:35,120.0439517,29.0235185,827.2,0.7,1.6,-3.8,2
DSC09560,2022/8/6 4:35,120.043925,29.0242062,826.4,0.9,4.1,-8.5,2
DSC09561,2022/8/6 4:35,120.0438804,29.0248684,826.1,3.3,4.1,-6.5,2
DSC09562,2022/8/6 4:35,120.0438367,29.0255446,826.1,3.4,3.7,-6.2,2
DSC09563,2022/8/6 4:36,120.0438,29.0261907,827.8,3,-0.4,-5.4,2
DSC09564,2022/8/6 4:36,120.0437817,29.02683,826.9,3.1,5,2.2,2
DSC09565,2022/8/6 4:36,120.0437903,29.0274508,824.9,-4,6.3,-2.1,2
DSC09566,2022/8/6 4:36,120.043743,29.0280844,825.1,2.9,5.6,-5,2
DSC09567,2022/8/6 4:36,120.0436876,29.0287166,826.1,6.7,4.2,-2.6,2
DSC09568,2022/8/6 4:36,120.0436645,29.0293796,828.6,1.6,-4,8.7,2
DSC09569,2022/8/6 4:36,120.0436186,29.0300733,831.6,3.1,-7.3,-1.5,2
DSC09570,2022/8/6 4:36,120.0435576,29.0307903,831.9,6.1,-6,-6.1,2
DSC09571,2022/8/6 4:36,120.0435265,29.0315306,833,1.5,-10.5,0.5,2
DSC09572,2022/8/6 4:36,120.0435183,29.0322789,833.8,-1.9,-8.3,0.6,2
DSC09573,2022/8/6 4:36,120.0434958,29.0330246,835.2,4,-8.3,-1.8,2
DSC09574,2022/8/6 4:36,120.043467,29.0337633,835.2,1.3,-9.2,-5,2
DSC09575,2022/8/6 4:36,120.0434301,29.0345085,835,2.8,-9.1,-2.1,2
DSC09576,2022/8/6 4:36,120.0434047,29.0352618,833.8,-1.5,-7.9,-1.9,2
DSC09577,2022/8/6 4:36,120.0433641,29.0360076,832.4,3.8,-6.4,-4.5,2
DSC09578,2022/8/6 4:36,120.0433269,29.0367278,831.3,2.5,-4,-4.6,2
DSC09579,2022/8/6 4:36,120.0432755,29.0373955,830.5,4.9,-5.7,-2.8,2
DSC09580,2022/8/6 4:36,120.0432382,29.038042,829.5,-0.1,-3.8,-0.7,2
DSC09581,2022/8/6 4:36,120.0432116,29.0387067,829.7,1.5,-4.9,0.3,2
DSC09582,2022/8/6 4:36,120.0431765,29.0393549,829.6,3.7,-5.4,0.1,2
DSC09583,2022/8/6 4:37,120.0431491,29.0400264,829.6,-3.3,-4.7,1.1,2
DSC09584,2022/8/6 4:37,120.0431186,29.0407131,830.7,4.2,-7.8,-10.2,2
DSC09585,2022/8/6 4:37,120.0430878,29.0413951,830.9,-5,-6.4,-6.2,2
DSC09586,2022/8/6 4:37,120.0430477,29.0420727,830.2,5.8,-6,-20,2
DSC09587,2022/8/6 4:37,120.042984,29.0427928,829.9,4.3,-4.4,-6.7,2
DSC09588,2022/8/6 4:37,120.0429673,29.0434894,829.1,-0.3,-3.1,-11.8,2
DSC09589,2022/8/6 4:37,120.0429591,29.0441226,828.2,-1,-1.2,-14.9,2
DSC09590,2022/8/6 4:37,120.0429312,29.044732,826.6,1.7,2.1,-14.2,2
DSC09591,2022/8/6 4:37,120.0429036,29.0453123,826.3,-1.1,1.4,-15.3,2
DSC09592,2022/8/6 4:37,120.0428584,29.0459092,826,28,2.4,-15.8,2
DSC09593,2022/8/6 4:37,120.0431054,29.0465229,824.5,31,5.4,25.8,2
DSC09594,2022/8/6 4:37,120.0437548,29.0469118,824.8,33.8,1.6,76.1,2
DSC09595,2022/8/6 4:37,120.0445202,29.0468619,829.1,22.1,-4.1,107.4,2
DSC09596,2022/8/6 4:37,120.0452066,29.046493,828.1,29.4,-1.2,131.7,2
DSC09597,2022/8/6 4:37,120.0456208,29.0458502,826,25.3,1,173.4,2
DSC09598,2022/8/6 4:37,120.0456694,29.0451367,827.1,5.7,2.3,-167.3,2
DSC09599,2022/8/6 4:37,120.0456297,29.0444264,828.6,-1,-3.3,-172.6,2
DSC09600,2022/8/6 4:37,120.0456317,29.0437085,830.5,1.1,-4.2,-173.2,2
DSC09601,2022/8/6 4:37,120.0456599,29.0429949,831.4,1.4,-6.1,174,2
DSC09602,2022/8/6 4:37,120.0456946,29.0422718,831.6,1.5,-7.5,175.9,2
DSC09603,2022/8/6 4:38,120.0457082,29.0415263,831.8,0,-7.4,177.1,2
DSC09604,2022/8/6 4:38,120.045731,29.0407597,831.5,3.9,-6.4,169.8,2
DSC09605,2022/8/6 4:38,120.0457658,29.0400013,831.3,-0.8,-5.4,169.9,2
DSC09606,2022/8/6 4:38,120.0458095,29.0392722,829.8,3.3,-2.4,167.5,2
DSC09607,2022/8/6 4:38,120.0458446,29.0385795,828.5,2.9,-2.1,170.9,2
DSC09608,2022/8/6 4:38,120.0458348,29.0378838,828.5,-4.2,-1.5,178.8,2
DSC09609,2022/8/6 4:38,120.0458433,29.0371883,828.7,-0.7,-2.8,164.8,2
DSC09610,2022/8/6 4:38,120.0459088,29.0364959,828,3.4,-1.1,165.2,2
DSC09611,2022/8/6 4:38,120.0459597,29.0357986,828,-1.1,-0.9,167.1,2
DSC09612,2022/8/6 4:38,120.0460011,29.0351143,828.9,3.2,-4.9,169.7,2
DSC09613,2022/8/6 4:38,120.0460174,29.0344467,830.5,-2.5,-7.5,167.3,2
DSC09614,2022/8/6 4:38,120.0460424,29.0338003,831.8,1.5,-11.3,160.8,2
DSC09615,2022/8/6 4:38,120.0460817,29.0331481,832,3.4,-8.8,170.6,2
DSC09616,2022/8/6 4:38,120.0460796,29.0324884,837.6,-3.7,-9.2,173.5,2
DSC09617,2022/8/6 4:38,120.0461035,29.0318259,843.7,2.4,-10.7,177.3,2
DSC09618,2022/8/6 4:38,120.0461309,29.0311672,843.4,-1.1,-8.8,168.1,2
DSC09619,2022/8/6 4:38,120.0461719,29.0305115,841.3,3.7,-8.6,169,2
DSC09620,2022/8/6 4:38,120.0461976,29.0298531,838.9,-0.2,-8.9,172.4,2
DSC09621,2022/8/6 4:38,120.0462236,29.0292201,835.1,2.7,-6.7,177.1,2
DSC09622,2022/8/6 4:38,120.0462519,29.0286314,830.1,-0.7,-0.7,179.7,2
DSC09623,2022/8/6 4:39,120.0462746,29.0281206,824.3,3.1,9.3,-178.7,2
DSC09624,2022/8/6 4:39,120.0462973,29.0276228,821.1,1,11.2,172.5,2
DSC09625,2022/8/6 4:39,120.0463391,29.0270717,820.5,2.4,11.9,174.6,2
DSC09626,2022/8/6 4:39,120.046361,29.0264501,824.3,2.7,2.2,-179.5,2
DSC09627,2022/8/6 4:39,120.0463478,29.0257784,827.7,-1.9,0.8,172.4,2
DSC09628,2022/8/6 4:39,120.046386,29.0250985,828.9,1.3,-0.9,169.2,2
DSC09629,2022/8/6 4:39,120.0464442,29.0244293,828.5,5.5,-1.1,165.2,2
DSC09630,2022/8/6 4:39,120.04648,29.0237794,828,3,0.4,169.4,2
DSC09631,2022/8/6 4:39,120.0464899,29.023164,827.7,-0.6,0.8,169.1,2
DSC09632,2022/8/6 4:39,120.0465029,29.0225247,827.4,-0.8,-0.1,167.8,2
DSC09633,2022/8/6 4:39,120.0465425,29.021876,826.2,1.8,3.2,171.9,2
DSC09634,2022/8/6 4:39,120.0465848,29.0212306,826,2.6,3.4,167.7,2
DSC09635,2022/8/6 4:39,120.0466204,29.0206021,826.1,0,2.6,166.9,2
DSC09636,2022/8/6 4:39,120.0466645,29.0199627,827.4,-12.6,1.2,174.8,2
DSC09637,2022/8/6 4:39,120.0468641,29.0193563,826.4,-31.4,-0.4,135.7,2
DSC09638,2022/8/6 4:39,120.0474644,29.0190402,826.3,-17,1.7,95.4,2
DSC09639,2022/8/6 4:39,120.0481692,29.019007,827.8,-0.8,-0.3,86.8,2
DSC09640,2022/8/6 4:39,120.0488825,29.0190647,827.1,-29.6,2.2,77.1,2
DSC09641,2022/8/6 4:39,120.0494379,29.0194476,825.9,-31.1,1.5,30,2
DSC09642,2022/8/6 4:39,120.0495736,29.020095,827.4,-9.2,0,-8.1,2
DSC09643,2022/8/6 4:40,120.0494802,29.0207638,827.7,2.6,1.9,-18.3,2
DSC09644,2022/8/6 4:40,120.0493873,29.0214429,827.3,6.5,2,-10.8,2
DSC09645,2022/8/6 4:40,120.0493499,29.0221434,827.1,1.9,4.1,-5.1,2
DSC09646,2022/8/6 4:40,120.0493252,29.0228322,827.3,3,2,-2.6,2
DSC09647,2022/8/6 4:40,120.0493015,29.0234988,827.6,2.8,3.1,-0.8,2
DSC09648,2022/8/6 4:40,120.0492824,29.0241682,827.9,-0.8,1.2,6.1,2
DSC09649,2022/8/6 4:40,120.0492613,29.0248785,830,0,-4.7,2.2,2
DSC09650,2022/8/6 4:40,120.0492256,29.0255923,830.2,-1.6,-2.8,-6.4,2
DSC09651,2022/8/6 4:40,120.0491752,29.0263017,828.6,-2.3,0.3,-4.6,2
DSC09652,2022/8/6 4:40,120.0491367,29.0269809,827.9,1,0.5,-8.1,2
DSC09653,2022/8/6 4:40,120.0490953,29.0276773,827.3,2,0.7,-9.7,2
DSC09654,2022/8/6 4:40,120.0490502,29.0283883,827.2,5.7,2,-1,2
DSC09655,2022/8/6 4:40,120.049055,29.0291213,827,-3.5,1.5,-8.1,2
DSC09656,2022/8/6 4:40,120.0489871,29.0298961,826.4,4.9,4.9,-7.2,2
DSC09657,2022/8/6 4:40,120.0489459,29.0306707,826.4,-0.3,3.3,-11.7,2
DSC09658,2022/8/6 4:40,120.0488882,29.0314626,829.7,4,-4.3,-8.1,2
DSC09659,2022/8/6 4:40,120.0488409,29.0322541,831,2.6,-6.4,-5.2,2
DSC09660,2022/8/6 4:40,120.0488041,29.0330559,831.8,0.7,-7,-0.5,2
DSC09661,2022/8/6 4:40,120.0487785,29.0338508,831.5,0.4,-6.6,0,2
DSC09662,2022/8/6 4:40,120.0487486,29.0346337,830.9,0.3,-4.7,0.7,2
DSC09663,2022/8/6 4:41,120.0487102,29.0353957,831.4,1.2,-7.2,-6.5,2
DSC09664,2022/8/6 4:41,120.048658,29.0361392,832.3,6.8,-8.7,3.6,2
DSC09665,2022/8/6 4:41,120.0486443,29.0368619,831.5,0.4,-3.8,3.6,2
DSC09666,2022/8/6 4:41,120.0486276,29.037554,829.3,-1,-2.2,-3.3,2
DSC09667,2022/8/6 4:41,120.0485798,29.0381809,827.8,4.1,-1,-7.8,2
DSC09668,2022/8/6 4:41,120.048533,29.0387831,828.3,2.1,-3.3,2.8,2
DSC09669,2022/8/6 4:41,120.0485169,29.0393762,829.3,1.3,-4.1,-4.1,2
DSC09670,2022/8/6 4:41,120.0484808,29.0399964,829.4,2.4,-4.5,-1.4,2
DSC09671,2022/8/6 4:41,120.0484719,29.0406487,828.6,-2.3,-0.8,-0.3,2
DSC09672,2022/8/6 4:41,120.0484324,29.0412844,826.4,-0.3,2.9,-6.8,2
DSC09673,2022/8/6 4:41,120.0483708,29.0419128,825.1,3.4,4.1,-6.5,2
DSC09674,2022/8/6 4:41,120.0483215,29.0425663,826.9,5,0.9,-10.3,2
DSC09675,2022/8/6 4:41,120.0482811,29.0432075,828.9,4.3,-2.5,-10,2
DSC09676,2022/8/6 4:41,120.0482631,29.0438371,829.7,3.6,-5.7,-9.1,2
DSC09677,2022/8/6 4:41,120.0482579,29.0444712,829.5,-0.5,-2.9,-8.1,2
DSC09678,2022/8/6 4:41,120.0482506,29.0450953,827.9,2.5,-1.3,-12,2
DSC09679,2022/8/6 4:41,120.0483789,29.0457018,826.3,30.4,0.1,19.4,2
DSC09680,2022/8/6 4:41,120.0489389,29.0461649,826.2,30.7,0,58.8,2
DSC09681,2022/8/6 4:41,120.0497371,29.0462872,827.3,23.4,-2.4,91,2
DSC09682,2022/8/6 4:41,120.0505472,29.0460597,827.4,29.3,-0.1,121.6,2
DSC09683,2022/8/6 4:42,120.051135,29.0455078,826.9,30.7,-1.3,158.7,2
DSC09684,2022/8/6 4:42,120.0512909,29.0448076,828.8,18,-6.1,-166.9,2
DSC09685,2022/8/6 4:42,120.0511809,29.0441117,830,-3.1,-2.7,-169.1,2
DSC09686,2022/8/6 4:42,120.0511143,29.043402,829.2,-3.3,-1.3,179.8,2
DSC09687,2022/8/6 4:42,120.0511304,29.0426946,828.5,2.8,-0.6,176.4,2
DSC09688,2022/8/6 4:42,120.0511617,29.0419815,828,2.6,0,176.4,2
DSC09689,2022/8/6 4:42,120.0511945,29.0412669,827.9,3.1,0,175.7,2
DSC09690,2022/8/6 4:42,120.0512222,29.0405496,827.8,0.9,-0.1,171.2,2
DSC09691,2022/8/6 4:42,120.0512713,29.0398445,828.8,3,-2.5,165.6,2
DSC09692,2022/8/6 4:42,120.0513121,29.0391602,828.4,2.8,-1.6,170.4,2
DSC09693,2022/8/6 4:42,120.0513468,29.0384909,827.9,8.4,-0.5,172.2,2
DSC09694,2022/8/6 4:42,120.0513513,29.0378265,827.3,-0.9,-1.4,176.7,2
DSC09695,2022/8/6 4:42,120.051377,29.037168,828.5,4.3,-3.7,172.1,2
DSC09696,2022/8/6 4:42,120.0514027,29.0365021,829.9,-1.3,-7.2,172.5,2
DSC09697,2022/8/6 4:42,120.0514456,29.0357937,830.7,2.9,-7.4,174.8,2
DSC09698,2022/8/6 4:42,120.0514632,29.0350983,834,-1.7,-6.2,171.2,2
DSC09699,2022/8/6 4:42,120.0514961,29.0344685,832.4,0.5,-8,170.2,2
DSC09700,2022/8/6 4:42,120.0515238,29.033877,830.9,-0.7,-4.5,177.3,2
DSC09701,2022/8/6 4:42,120.0515297,29.0333277,829.6,-1.8,-4.9,174.1,2
DSC09702,2022/8/6 4:42,120.0515575,29.0327953,828,-1.2,-2,170.4,2
DSC09703,2022/8/6 4:43,120.0516141,29.0322537,827.1,2.8,-0.8,170.4,2
DSC09704,2022/8/6 4:43,120.0516606,29.0317187,826.4,1.3,1.6,172.3,2
DSC09705,2022/8/6 4:43,120.0517051,29.0311849,825.5,2.9,2,174.6,2
DSC09706,2022/8/6 4:43,120.0517499,29.0306487,824.7,4.2,4.5,168.4,2
DSC09707,2022/8/6 4:43,120.0517866,29.0300992,825.3,1.7,3.4,172.3,2
DSC09708,2022/8/6 4:43,120.0518214,29.0295325,826.2,3.9,1.2,171.3,2
DSC09709,2022/8/6 4:43,120.0518344,29.0289349,826.6,0.9,3.5,173.4,2
DSC09710,2022/8/6 4:43,120.0518598,29.0282795,826.9,1.9,0.8,168.1,2
DSC09711,2022/8/6 4:43,120.0519103,29.0275869,827.8,4.2,-0.9,168,2
DSC09712,2022/8/6 4:43,120.0519318,29.0268715,829,0,-1.7,174.7,2
DSC09713,2022/8/6 4:43,120.0519415,29.0261462,829.1,-1.8,-2.3,169.5,2
DSC09714,2022/8/6 4:43,120.0520036,29.0254485,828.7,8,0.3,179.3,2
DSC09715,2022/8/6 4:43,120.0520498,29.0247932,826.9,2.3,2.6,169.3,2
DSC09716,2022/8/6 4:43,120.0520918,29.0241745,825.6,1.2,3.4,169.2,2
DSC09717,2022/8/6 4:43,120.0521343,29.0235798,825.7,4.3,3.3,171.1,2
DSC09718,2022/8/6 4:43,120.0521545,29.0229762,827.1,1.4,0,167.6,2
DSC09719,2022/8/6 4:43,120.0521766,29.022392,827.1,0.8,1.1,167.3,2
DSC09720,2022/8/6 4:43,120.0522065,29.021827,827.8,0.8,-0.3,168.9,2
DSC09721,2022/8/6 4:43,120.0522391,29.0212461,827.8,2.7,-0.1,166.6,2
DSC09722,2022/8/6 4:43,120.0522681,29.0206642,828.1,4.2,-1.9,171.2,2
DSC09723,2022/8/6 4:44,120.0522839,29.0200589,827.9,-0.3,0,168.1,2
DSC09724,2022/8/6 4:44,120.0523322,29.0194677,827.7,-23.8,3.4,179.1,2
DSC09725,2022/8/6 4:44,120.0526426,29.0189595,825.7,-30.2,1.8,129.9,2
DSC09726,2022/8/6 4:44,120.053304,29.0187771,825.7,-10.7,2.6,91.9,2
DSC09727,2022/8/6 4:44,120.0540388,29.0188142,826.1,-24.5,5.3,95.5,2
DSC09728,2022/8/6 4:44,120.054699,29.0191468,824.9,-30.2,3.6,35.6,2
DSC09729,2022/8/6 4:44,120.0549393,29.0198078,825.9,-17.9,1.8,-10.2,2
DSC09730,2022/8/6 4:44,120.0548271,29.0205014,828.9,4.4,-2.7,-18.9,2
DSC09731,2022/8/6 4:44,120.0547058,29.0212089,830.5,3.7,-3.7,-13.8,2
DSC09732,2022/8/6 4:44,120.0546225,29.0219279,831.1,3.6,-5.5,-6.6,2
DSC09733,2022/8/6 4:44,120.0545538,29.0226734,831.5,1.2,-5.7,-7.8,2
DSC09734,2022/8/6 4:44,120.0544956,29.0234206,830.2,5.3,-4.5,-1,2
DSC09735,2022/8/6 4:44,120.0544717,29.0241783,830,2.4,-2.1,-1.4,2
DSC09736,2022/8/6 4:44,120.0544315,29.0248904,828.2,3.4,0,-5.2,2
DSC09737,2022/8/6 4:44,120.0543974,29.0255485,826.4,2.8,2.1,-13.4,2
DSC09738,2022/8/6 4:44,120.054347,29.0262177,826,1.8,3.9,-8.6,2
DSC09739,2022/8/6 4:44,120.0542959,29.0268826,826.1,1.3,3.6,-11.4,2
DSC09740,2022/8/6 4:44,120.0542501,29.0275398,827.4,0.2,0.4,-5,2
DSC09741,2022/8/6 4:44,120.0541923,29.0282069,827.3,7,0.2,-9.2,2
DSC09742,2022/8/6 4:44,120.0541637,29.0288531,828.2,4.3,-2.7,-3.4,2
DSC09743,2022/8/6 4:45,120.054164,29.0295021,829.2,-4.2,-2.6,-6.4,2
DSC09744,2022/8/6 4:45,120.0541246,29.0301361,827.6,2.9,-1.1,1.1,2
DSC09745,2022/8/6 4:45,120.0540941,29.0307805,829.5,-5.1,-4.1,-7.3,2
DSC09746,2022/8/6 4:45,120.0540374,29.0314161,830.5,3,-6.2,-12.5,2
DSC09747,2022/8/6 4:45,120.053981,29.0320676,828.3,1.4,1,-17.5,2
DSC09748,2022/8/6 4:45,120.0539036,29.0327482,827,6.4,1.1,-11.8,2
DSC09749,2022/8/6 4:45,120.0538616,29.0334503,827.1,0.6,0.1,-12.2,2
DSC09750,2022/8/6 4:45,120.0538145,29.0341695,828.6,1.6,-2.8,-10.7,2
DSC09751,2022/8/6 4:45,120.0537654,29.0348815,829.7,4.9,-5.9,-2.3,2
DSC09752,2022/8/6 4:45,120.0537414,29.0356216,830.4,0.5,-4.8,-7.3,2
DSC09753,2022/8/6 4:45,120.0536964,29.0363121,829.7,2.8,-5.1,-8.7,2
DSC09754,2022/8/6 4:45,120.0536493,29.0369807,829.5,2.4,-4.1,-5.9,2
DSC09755,2022/8/6 4:45,120.053607,29.0376412,828.8,2.5,-2.4,-7.3,2
DSC09756,2022/8/6 4:45,120.0535687,29.0382591,828.4,3.2,-2.4,-7.1,2
DSC09757,2022/8/6 4:45,120.0535361,29.0388632,827.4,2.6,-0.8,-12.1,2
DSC09758,2022/8/6 4:45,120.0534844,29.0394606,826.6,4.5,1.4,-7.7,2
DSC09759,2022/8/6 4:45,120.0534468,29.0400645,827.4,1.2,-1,-6.4,2
DSC09760,2022/8/6 4:45,120.0533949,29.0406754,827.3,4.6,1,-13.5,2
DSC09761,2022/8/6 4:45,120.0533595,29.0412975,828.2,0.1,-3,-6.2,2
DSC09762,2022/8/6 4:45,120.053329,29.0419085,827.5,4,-0.5,-7.8,2
DSC09763,2022/8/6 4:46,120.0532858,29.0425234,827.2,4.5,0,-15.5,2
DSC09764,2022/8/6 4:46,120.0532376,29.0431328,826.8,4,0.3,-9.9,2
DSC09765,2022/8/6 4:46,120.0532101,29.0437261,827.3,2.5,-0.6,-9.9,2
DSC09766,2022/8/6 4:46,120.0531704,29.0443229,827.6,3.7,-1.9,-8.2,2
DSC09767,2022/8/6 4:46,120.0531432,29.0449331,827.6,23.5,1.7,-11.7,2
DSC09768,2022/8/6 4:46,120.0533538,29.045518,826.4,30.5,-0.1,29.3,2
DSC09769,2022/8/6 4:46,120.0539527,29.0458757,825.8,30.2,1.1,66.9,2
DSC09770,2022/8/6 4:46,120.0547114,29.0458932,827.4,8.7,-1.1,95.1,2
DSC09771,2022/8/6 4:46,120.0554574,29.0456999,826.3,29.9,1.5,119.3,2
DSC09772,2022/8/6 4:46,120.0559863,29.0451907,825.6,31,2.3,155.1,2
DSC09773,2022/8/6 4:46,120.0561292,29.0445385,826.4,9.5,2.2,-174.1,2
DSC09774,2022/8/6 4:46,120.0561126,29.0438969,827.2,0.1,1.4,-178.6,2
DSC09775,2022/8/6 4:46,120.0561196,29.043236,827.7,3.4,0,178.6,2
DSC09776,2022/8/6 4:46,120.056138,29.0425618,828.9,-0.6,-1.5,169.9,2
DSC09777,2022/8/6 4:46,120.0561934,29.0418913,828.1,5.2,0.3,168.6,2
DSC09778,2022/8/6 4:46,120.056243,29.0412177,827.5,2.4,1.1,168.1,2
DSC09779,2022/8/6 4:46,120.0562887,29.0405371,827.7,1.5,-0.3,168.6,2
DSC09780,2022/8/6 4:46,120.0563349,29.0398638,828.2,4.1,-0.9,169.1,2
DSC09781,2022/8/6 4:46,120.0563753,29.0392011,828.7,3.1,-3.4,170.2,2
DSC09782,2022/8/6 4:46,120.0564048,29.0385576,829.1,0.1,-1.9,173.1,2
DSC09783,2022/8/6 4:47,120.0564203,29.0379791,827.9,-0.5,0.4,178.1,2
DSC09784,2022/8/6 4:47,120.0564105,29.0373915,828.3,-3.6,-2.2,175,2
DSC09785,2022/8/6 4:47,120.0564585,29.036736,829,0,-2.6,167.4,2
DSC09786,2022/8/6 4:47,120.0565441,29.0360839,828.3,5.2,-2.1,176.8,2
DSC09787,2022/8/6 4:47,120.0566031,29.0354441,828.2,4,-1,171.8,2
DSC09788,2022/8/6 4:47,120.0566629,29.0348363,826.9,2.5,0.8,170.7,2
DSC09789,2022/8/6 4:47,120.0567074,29.0342439,826.2,2.5,0.8,169.2,2
DSC09790,2022/8/6 4:47,120.0567445,29.0336413,826.3,4.7,-0.3,168.5,2
DSC09791,2022/8/6 4:47,120.0567826,29.0330215,827.1,1.1,0.4,166.3,2
DSC09792,2022/8/6 4:47,120.0568278,29.0323941,828.9,2.1,-5.8,169.4,2
DSC09793,2022/8/6 4:47,120.0568573,29.0317371,830.7,1.4,-7.2,170.5,2
DSC09794,2022/8/6 4:47,120.0568907,29.0311068,829.6,1,-2.2,169.7,2
DSC09795,2022/8/6 4:47,120.0569392,29.0304946,827.2,4.2,2,177.6,2
DSC09796,2022/8/6 4:47,120.0569667,29.029906,827,-0.3,-0.4,171.1,2
DSC09797,2022/8/6 4:47,120.0570128,29.0292935,825.4,3.2,4.5,175.8,2
DSC09798,2022/8/6 4:47,120.0570566,29.0286812,825.7,3.5,0.8,173.7,2
DSC09799,2022/8/6 4:47,120.0570932,29.0280702,827.2,0.9,-1.6,167.1,2
DSC09800,2022/8/6 4:47,120.0571381,29.027427,828.6,-4.9,-2.7,166.3,2
DSC09801,2022/8/6 4:47,120.0571944,29.0267766,829.1,3.9,-3.8,171.3,2
DSC09802,2022/8/6 4:47,120.0572427,29.0261358,830,3.6,-6,167.7,2
DSC09803,2022/8/6 4:48,120.0572932,29.0255104,830.2,-23,0,177.3,2
DSC09804,2022/8/6 4:48,120.0575763,29.0249852,828,-32.3,-3.9,129.4,2
DSC09805,2022/8/6 4:48,120.0582307,29.0247684,828.7,-13.8,-4.7,92.1,2
DSC09806,2022/8/6 4:48,120.058968,29.0247909,829.9,-14.6,-4.6,86.8,2
DSC09807,2022/8/6 4:48,120.0596656,29.0250206,828.7,-29.3,-3.9,56,2
DSC09808,2022/8/6 4:48,120.0600921,29.0256264,827.6,-30,-3.6,14.5,2
DSC09809,2022/8/6 4:48,120.060078,29.0263599,828.4,-6.1,-4,-20.1,2
DSC09810,2022/8/6 4:48,120.0599154,29.0270554,829.1,8.5,-3.1,-8.2,2
DSC09811,2022/8/6 4:48,120.0598438,29.0277144,829.5,0.1,-4.6,-9,2
DSC09812,2022/8/6 4:48,120.0597799,29.028366,828.5,1.5,-1.9,-11.7,2
DSC09813,2022/8/6 4:48,120.0597097,29.0290087,827.7,2.7,-1.3,-15.1,2
DSC09814,2022/8/6 4:48,120.0596485,29.0296698,827.6,1.3,-2.3,-15.8,2
DSC09815,2022/8/6 4:48,120.0596002,29.0303256,827.7,2,-0.3,-12.5,2
DSC09816,2022/8/6 4:48,120.0595546,29.0309874,826.5,3.6,1.5,-18.7,2
DSC09817,2022/8/6 4:48,120.0594987,29.03167,826.1,2.3,1.9,-13.8,2
DSC09818,2022/8/6 4:48,120.0594552,29.0323748,826.5,2.6,-0.1,-11.4,2
DSC09819,2022/8/6 4:48,120.0593967,29.0331002,828.1,3.1,-2.9,-8.2,2
DSC09820,2022/8/6 4:48,120.0593615,29.0338126,829.3,1.4,-3.3,0.6,2
DSC09821,2022/8/6 4:48,120.0593469,29.0345158,828.7,-1.2,-2.4,-11.9,2
DSC09822,2022/8/6 4:48,120.0592792,29.035208,827.4,0.3,-0.5,-12.7,2
DSC09823,2022/8/6 4:49,120.0592165,29.0358942,826.6,4.2,0.7,-12,2
DSC09824,2022/8/6 4:49,120.059174,29.0365884,826.1,0.4,2.1,-12.1,2
DSC09825,2022/8/6 4:49,120.0591134,29.0372868,825.9,3.4,1.7,-11.3,2
DSC09826,2022/8/6 4:49,120.0590731,29.0379923,828.2,4.4,-4.3,-3.7,2
DSC09827,2022/8/6 4:49,120.0590462,29.0387282,830,-0.2,-6.1,2.5,2
DSC09828,2022/8/6 4:49,120.0589714,29.0394742,830.1,4.9,-4.2,-3.6,2
DSC09829,2022/8/6 4:49,120.0589151,29.040211,828.6,4.6,-2.6,18.4,2
DSC09830,2022/8/6 4:49,120.0589257,29.0409287,826.4,-1.8,1.5,1.8,2
DSC09831,2022/8/6 4:49,120.0588777,29.0416355,826.6,0.2,1.5,-6.6,2
DSC09832,2022/8/6 4:49,120.0587998,29.0423424,827.2,0.7,0.1,-4.4,2
DSC09833,2022/8/6 4:49,120.0587287,29.0430263,827.2,2,0.8,-7.7,2
DSC09834,2022/8/6 4:49,120.0586592,29.043713,827.5,3.8,-0.2,-5,2
DSC09835,2022/8/6 4:49,120.0586133,29.044407,827.1,3.9,0.5,-5,2
DSC09836,2022/8/6 4:49,120.0585812,29.0450771,826.8,2.3,1.3,-8.7,2
DSC09837,2022/8/6 4:49,120.0585428,29.0457337,826.5,2.2,1.2,-8.2,2
DSC09838,2022/8/6 4:49,120.0585095,29.0463959,827.3,0.5,-0.9,-8.5,2
DSC09839,2022/8/6 4:49,120.0584634,29.0470424,827.1,1.8,0.3,-10.4,2
DSC09840,2022/8/6 4:49,120.0584088,29.0476862,826.1,6,3,-4.4,2
DSC09841,2022/8/6 4:49,120.0583705,29.048342,825.8,1.9,3.3,-7.5,2
DSC09842,2022/8/6 4:49,120.0583208,29.0490102,826.7,3.3,0.4,-8.5,2
DSC09843,2022/8/6 4:50,120.0582695,29.0496798,827.3,2.3,1.1,-8.4,2
DSC09844,2022/8/6 4:50,120.0582198,29.050354,827.4,3.3,0.5,-4.1,2
DSC09845,2022/8/6 4:50,120.0581825,29.0510347,827.5,3.5,-0.4,-3.3,2
DSC09846,2022/8/6 4:50,120.0581456,29.0516755,827.4,1.6,0.8,-6.7,2
DSC09847,2022/8/6 4:50,120.0581114,29.0522926,826.1,5.8,3.5,-7.4,2
DSC09848,2022/8/6 4:50,120.0580684,29.0529422,825.9,3.7,4,-6.2,2
DSC09849,2022/8/6 4:50,120.0580235,29.0536443,828,2.2,-2.8,-7.7,2
DSC09850,2022/8/6 4:50,120.0579808,29.0543487,830.3,0,-4.1,-10.9,2
DSC09851,2022/8/6 4:50,120.0579216,29.055024,830.5,3.2,-4.8,-12.6,2
DSC09852,2022/8/6 4:50,120.0578698,29.0557034,829.9,2,-3.4,-10.8,2
DSC09853,2022/8/6 4:50,120.05783,29.0563566,829.1,2.2,-3.1,-8.4,2
DSC09854,2022/8/6 4:50,120.057801,29.0570028,828.7,1.4,-3.3,-7.9,2
DSC09855,2022/8/6 4:50,120.0577541,29.0576577,828.1,2.8,-2,-13.3,2
DSC09856,2022/8/6 4:50,120.0576941,29.0583177,828.7,2.4,-2.3,-8,2
DSC09857,2022/8/6 4:50,120.0576509,29.0589635,828.2,4.1,-2.1,-6.3,2
DSC09858,2022/8/6 4:50,120.0576177,29.0596018,827.7,0.3,-0.4,-7.2,2
DSC09859,2022/8/6 4:50,120.0575812,29.0602089,827.1,1.3,0.8,-12.4,2
DSC09860,2022/8/6 4:50,120.0575473,29.0607923,826.1,2.5,2.2,-5.1,2
DSC09861,2022/8/6 4:50,120.0575212,29.0613874,825.3,0.2,4.3,-12.4,2
DSC09862,2022/8/6 4:50,120.0574495,29.0620081,826.3,5.8,1.8,-8.6,2
DSC09863,2022/8/6 4:51,120.0574019,29.0626569,826.9,3.2,0,-5.6,2
DSC09864,2022/8/6 4:51,120.0573572,29.0633105,828.2,1.5,-1.5,-8.5,2
DSC09865,2022/8/6 4:51,120.0573022,29.0639582,828.3,3.3,-1.4,-8.7,2
DSC09866,2022/8/6 4:51,120.0572633,29.064589,828.1,2.8,-1.5,-9.3,2
DSC09867,2022/8/6 4:51,120.0572297,29.0652257,828.1,2.2,-1.6,-7.8,2
DSC09868,2022/8/6 4:51,120.0571945,29.0658704,827.9,2.3,-1.1,-9.7,2
DSC09869,2022/8/6 4:51,120.0571504,29.0665158,827.7,1.4,-0.3,-9.5,2
DSC09870,2022/8/6 4:51,120.0571038,29.0671413,827.9,1.9,-1.6,-9.9,2
DSC09871,2022/8/6 4:51,120.0570641,29.0677546,826.7,2.1,2.3,-13.7,2
DSC09872,2022/8/6 4:51,120.0570254,29.0683668,826,1.6,2.9,-7.3,2
DSC09873,2022/8/6 4:51,120.0569805,29.0689723,825.6,4.2,3.1,-13.3,2
DSC09874,2022/8/6 4:51,120.0569298,29.0696018,826.4,3.1,1.1,-8.3,2
DSC09875,2022/8/6 4:51,120.056979,29.0702235,825.2,32.9,2,17.3,2
DSC09876,2022/8/6 4:51,120.0574487,29.0707191,825.1,31.2,2.9,54.7,2
DSC09877,2022/8/6 4:51,120.0581835,29.0708928,825.9,16.1,1.7,93.3,2
DSC09878,2022/8/6 4:51,120.0589533,29.070749,825.7,30,3.6,119.6,2
DSC09879,2022/8/6 4:51,120.0595168,29.0702667,825.5,30.1,4.3,154.3,2
DSC09880,2022/8/6 4:51,120.0596882,29.0696157,825.8,13.3,3.2,-170.1,2
DSC09881,2022/8/6 4:51,120.0596318,29.068959,827.8,-0.8,1.6,-173.2,2
DSC09882,2022/8/6 4:51,120.0596094,29.0682905,828.7,0.4,0,177.2,2
DSC09883,2022/8/6 4:52,120.0596318,29.0676146,829,2.4,-0.5,174.2,2
DSC09884,2022/8/6 4:52,120.0596692,29.0669295,828.7,2.8,0,171.8,2
DSC09885,2022/8/6 4:52,120.0597066,29.0662305,828.5,1.9,0,173.1,2
DSC09886,2022/8/6 4:52,120.0597428,29.0655255,828.7,2.9,-1.2,171.9,2
DSC09887,2022/8/6 4:52,120.0597727,29.064831,829,1.1,-1.9,174.7,2
DSC09888,2022/8/6 4:52,120.0598011,29.0641396,829.3,1.8,-3.4,176.3,2
DSC09889,2022/8/6 4:52,120.0598426,29.0634559,829,1.6,-2.3,171.3,2
DSC09890,2022/8/6 4:52,120.0598965,29.0627951,827.7,3.4,1.1,173.3,2
DSC09891,2022/8/6 4:52,120.0599329,29.0621695,826.7,2.9,1.4,168.1,2
DSC09892,2022/8/6 4:52,120.0599635,29.0615311,827,1,1.4,172.5,2
DSC09893,2022/8/6 4:52,120.0599864,29.0608919,826.4,0.9,2.2,172.2,2
DSC09894,2022/8/6 4:52,120.0600238,29.0602115,825.9,3.1,4.4,163.8,2
DSC09895,2022/8/6 4:52,120.060077,29.0594916,827.5,3.5,0.5,172.1,2
DSC09896,2022/8/6 4:52,120.0601179,29.0587879,828.1,3,-0.8,172.2,2
DSC09897,2022/8/6 4:52,120.0601544,29.0580921,829.1,3,-2.9,172.3,2
DSC09898,2022/8/6 4:52,120.0601865,29.0574081,829.6,1.4,-4,171.8,2
DSC09899,2022/8/6 4:52,120.0602327,29.056726,829.2,3,-2.9,172.5,2
DSC09900,2022/8/6 4:52,120.0602664,29.0560616,829,2,-2.8,175,2
DSC09901,2022/8/6 4:52,120.0602912,29.0553977,828.6,3.5,-1.8,178.5,2
DSC09902,2022/8/6 4:52,120.0603106,29.0547151,829.1,1.4,-5.1,174.7,2
DSC09903,2022/8/6 4:53,120.0603462,29.054053,828.9,-0.3,-3.4,-178.3,2
DSC09904,2022/8/6 4:53,120.0603803,29.0533578,829.5,1.5,-4.7,175.9,2
DSC09905,2022/8/6 4:53,120.0604457,29.0526612,828.4,2.2,0,166.9,2
DSC09906,2022/8/6 4:53,120.0605198,29.0520044,826.6,6.6,2,169.7,2
DSC09907,2022/8/6 4:53,120.0605509,29.0513687,824.9,3.3,4.2,171.7,2
DSC09908,2022/8/6 4:53,120.0605564,29.0507508,825.4,-0.1,2.8,170.7,2
DSC09909,2022/8/6 4:53,120.0605918,29.0501248,826.3,2.1,2.1,168.3,2
DSC09910,2022/8/6 4:53,120.0606416,29.0495044,825.9,4.3,3.2,168.6,2
DSC09911,2022/8/6 4:53,120.0606829,29.0488792,826.5,4.2,2,168.7,2
DSC09912,2022/8/6 4:53,120.0607145,29.0482553,826.5,3.6,2.1,170.8,2
DSC09913,2022/8/6 4:53,120.0607545,29.0476257,826.9,4.4,2.2,170.9,2
DSC09914,2022/8/6 4:53,120.0607907,29.0469876,827.4,3.7,1,169.9,2
DSC09915,2022/8/6 4:53,120.0608259,29.0463345,827.9,3,-0.6,173.1,2
DSC09916,2022/8/6 4:53,120.0608568,29.0457116,828.2,3,-0.5,173.9,2
DSC09917,2022/8/6 4:53,120.0608876,29.0451195,827.6,4.2,-0.6,177.1,2
DSC09918,2022/8/6 4:53,120.0609113,29.0445457,827.9,3.4,-1.6,177.1,2
DSC09919,2022/8/6 4:53,120.0609426,29.0439436,828.2,2.1,-1.2,167.3,2
DSC09920,2022/8/6 4:53,120.0609986,29.0433112,830,4.8,-6.5,171,2
DSC09921,2022/8/6 4:53,120.0610343,29.0426503,830.8,0.4,-6.6,172.6,2
DSC09922,2022/8/6 4:53,120.0610746,29.0419859,831,3.5,-6.8,171.1,2
DSC09923,2022/8/6 4:54,120.061103,29.0413096,831,0.8,-7.4,173.2,2
DSC09924,2022/8/6 4:54,120.0611365,29.040623,831.4,3.2,-8.1,171,2
DSC09925,2022/8/6 4:54,120.0611659,29.039922,832,-0.1,-10.8,168.8,2
DSC09926,2022/8/6 4:54,120.0612103,29.0392125,833.9,3.7,-11.2,167.9,2
DSC09927,2022/8/6 4:54,120.0612606,29.0384947,833.7,6.3,-9.1,170.5,2
DSC09928,2022/8/6 4:54,120.0613063,29.0377839,830.6,4.4,-1.7,177.3,2
DSC09929,2022/8/6 4:54,120.0613259,29.0371498,827.2,2.4,0.9,175.6,2
DSC09930,2022/8/6 4:54,120.0613484,29.0365786,824.6,2.8,6.4,167,2
DSC09931,2022/8/6 4:54,120.0613792,29.0359834,825.6,0.2,1.5,174.7,2
DSC09932,2022/8/6 4:54,120.0614063,29.0353411,828.2,1.1,-2.8,168.1,2
DSC09933,2022/8/6 4:54,120.0614568,29.0346766,830,2.4,-4.1,167,2
DSC09934,2022/8/6 4:54,120.0615139,29.0340014,830.2,4.1,-5,167.6,2
DSC09935,2022/8/6 4:54,120.0615628,29.0333123,830.3,4.6,-5,172.5,2
DSC09936,2022/8/6 4:54,120.0616,29.032638,831.1,2.1,-8.2,173.7,2
DSC09937,2022/8/6 4:54,120.0616312,29.0319894,831.3,2.2,-6.6,172.2,2
DSC09938,2022/8/6 4:54,120.0616602,29.0313644,830.6,2.6,-6.4,174.2,2
DSC09939,2022/8/6 4:54,120.0616997,29.0307267,830,1.9,-5,168.1,2
DSC09940,2022/8/6 4:54,120.0617432,29.0300955,829.2,2.9,-4,172.9,2
DSC09941,2022/8/6 4:54,120.0617695,29.0294713,828.9,2,-4.7,175.7,2
DSC09942,2022/8/6 4:54,120.0617904,29.0288531,829.2,0.3,-5.7,174,2
DSC09943,2022/8/6 4:55,120.0618204,29.028257,829.3,-1.6,-3.6,171.7,2
DSC09944,2022/8/6 4:55,120.061864,29.0276736,829.3,1.5,-5.5,174,2
DSC09945,2022/8/6 4:55,120.0618942,29.0270897,830.4,0.2,-7.2,172,2
DSC09946,2022/8/6 4:55,120.0619222,29.0265083,831,0.5,-8.3,172.4,2
DSC09947,2022/8/6 4:55,120.06195,29.025913,832.5,-2.4,-10.1,171.8,2
DSC09948,2022/8/6 4:55,120.0620873,29.0253293,829.6,-32.4,-7.9,141.8,2
DSC09949,2022/8/6 4:55,120.0626666,29.0249879,827.8,-20.6,-4.7,93.8,2
DSC09950,2022/8/6 4:55,120.0634461,29.0249682,829.8,-21.6,-3,95.9,2
DSC09951,2022/8/6 4:55,120.0642237,29.0251827,828.9,-26.4,-5,61.7,2
DSC09952,2022/8/6 4:55,120.0647685,29.0257631,830.5,-30.1,-8.6,29.3,2
DSC09953,2022/8/6 4:55,120.0649434,29.0265315,833.2,-29.2,-10.3,-8.7,2
DSC09954,2022/8/6 4:55,120.0647163,29.0272693,836.7,-0.2,-7.2,-24.3,2
DSC09955,2022/8/6 4:55,120.0644568,29.0279607,840.6,7.5,-8.4,-18.8,2
DSC09956,2022/8/6 4:55,120.0642913,29.0286672,846.1,7.3,-8.6,-14.9,2
DSC09957,2022/8/6 4:55,120.0642036,29.0293771,846.2,2.2,-9.3,-9.8,2
DSC09958,2022/8/6 4:55,120.0641558,29.0300945,843.3,2.2,-8.8,-10.9,2
DSC09959,2022/8/6 4:55,120.0641085,29.0308003,838.3,1.6,-6.8,-7.8,2
DSC09960,2022/8/6 4:55,120.0640817,29.0315027,833.3,0.2,-7.5,-6.8,2
DSC09961,2022/8/6 4:55,120.0640576,29.0322208,829,-2.1,-3.2,-11.2,2
DSC09962,2022/8/6 4:55,120.0639913,29.0329494,829.4,2.6,-7.2,-13.3,2
DSC09963,2022/8/6 4:56,120.0639158,29.0336714,829,3.8,-5.8,-11.5,2
DSC09964,2022/8/6 4:56,120.0638597,29.0343852,829.5,3.3,-5.5,-8.8,2
DSC09965,2022/8/6 4:56,120.0638252,29.0350978,829.2,3.1,-6.4,4.3,2
DSC09966,2022/8/6 4:56,120.0638131,29.0358149,829.7,0.7,-4.9,-4,2
DSC09967,2022/8/6 4:56,120.0637564,29.0365027,829.1,2.3,-3.3,-10.2,2
DSC09968,2022/8/6 4:56,120.063695,29.0371458,827.4,3.2,-0.5,-8,2
DSC09969,2022/8/6 4:56,120.0636437,29.037765,826.9,1.8,0.4,-10.8,2
DSC09970,2022/8/6 4:56,120.0635958,29.03837,825.4,0.7,5.4,-14.4,2
DSC09971,2022/8/6 4:56,120.0635421,29.0389971,827.1,5.3,-2.7,-1.8,2
DSC09972,2022/8/6 4:56,120.0634962,29.0396893,831.8,4.8,-6.8,-14.3,2
DSC09973,2022/8/6 4:56,120.0634249,29.0404151,834.6,6.7,-8.5,-2,2
DSC09974,2022/8/6 4:56,120.063396,29.0411616,833.6,2.9,-9.2,-9.3,2
DSC09975,2022/8/6 4:56,120.063359,29.0418835,831.7,3.5,-10,-13,2
DSC09976,2022/8/6 4:56,120.0633167,29.0425879,830.6,1.6,-7.7,-10.2,2
DSC09977,2022/8/6 4:56,120.0632777,29.0432548,829.6,2,-6.2,-9.4,2
DSC09978,2022/8/6 4:56,120.0632375,29.0438979,828.6,3.3,-4.4,-13.1,2
DSC09979,2022/8/6 4:56,120.0631865,29.0445469,827.6,5.9,-2.3,-10.5,2
DSC09980,2022/8/6 4:56,120.0631507,29.045205,826.8,1.4,0.4,-7.7,2
DSC09981,2022/8/6 4:56,120.0631196,29.0458571,826.4,2.1,-1,-2.7,2
DSC09982,2022/8/6 4:56,120.0631005,29.0465419,826.9,-0.6,-0.4,-12.2,2
DSC09983,2022/8/6 4:57,120.0630301,29.047248,826.4,5,1.8,-9.5,2
DSC09984,2022/8/6 4:57,120.0629712,29.0479333,827,4.8,-1.3,-16.3,2
DSC09985,2022/8/6 4:57,120.0629213,29.0486234,827.1,1.3,0.1,-10.8,2
DSC09986,2022/8/6 4:57,120.0628681,29.0492854,826.4,0.8,0.6,-14,2
DSC09987,2022/8/6 4:57,120.0628021,29.0499516,827.6,5,-2.4,-8.4,2
DSC09988,2022/8/6 4:57,120.0627579,29.0506444,827.8,4.1,-1.9,-6.6,2
DSC09989,2022/8/6 4:57,120.0627208,29.051338,827,2,0.1,-8,2
DSC09990,2022/8/6 4:57,120.0626858,29.0520158,826.6,2.1,0.9,-7.1,2
DSC09991,2022/8/6 4:57,120.0626464,29.0526809,826.6,2.1,0.7,-9.4,2
DSC09992,2022/8/6 4:57,120.0625956,29.0533397,826.4,2.3,1.7,-8,2
DSC09993,2022/8/6 4:57,120.0625559,29.0539878,827.3,1,-0.8,-4,2
DSC09994,2022/8/6 4:57,120.0625016,29.0546685,828.4,5.8,-3.3,-5.9,2
DSC09995,2022/8/6 4:57,120.0624507,29.0553498,829.1,2.2,-3.8,-9.4,2
DSC09996,2022/8/6 4:57,120.0623983,29.0560101,828.6,1,-3.2,-11.7,2
DSC09997,2022/8/6 4:57,120.0623438,29.05668,828.3,3.8,-2.5,-9.3,2
DSC09998,2022/8/6 4:57,120.0623082,29.0573235,827.9,2,0.1,-11.9,2
DSC09999,2022/8/6 4:57,120.0622728,29.0579252,825.7,4.3,3.8,-11.1,2
DSC00001,2022/8/6 4:57,120.0622466,29.0585219,825.1,2.5,3.6,-10.9,2
DSC00002,2022/8/6 4:57,120.062209,29.0591379,825.2,4.8,2.3,-6.5,2
DSC00003,2022/8/6 4:57,120.0621701,29.0597648,826.3,3.6,1.9,-12,2
DSC00004,2022/8/6 4:58,120.062124,29.0603773,826.5,3.8,1.2,-12.1,2
DSC00005,2022/8/6 4:58,120.0620786,29.0610113,828,3.3,-2,-10.3,2
DSC00006,2022/8/6 4:58,120.0620254,29.0616594,828.8,4.4,-2.9,-7.2,2
DSC00007,2022/8/6 4:58,120.0619875,29.0623098,829.2,1.3,-2.5,-8.4,2
DSC00008,2022/8/6 4:58,120.0619629,29.0629089,827.7,1.4,0,-10.3,2
DSC00009,2022/8/6 4:58,120.0619269,29.0634778,827.4,2,-0.2,-11.2,2
DSC00010,2022/8/6 4:58,120.0618798,29.0640509,827,3.9,0.6,-8.7,2
DSC00011,2022/8/6 4:58,120.06184,29.0646277,826.7,3.6,1.4,-9.8,2
DSC00012,2022/8/6 4:58,120.0617997,29.0651964,826.9,3,1,-14.9,2
DSC00013,2022/8/6 4:58,120.0617585,29.0657691,826.9,3.4,0.5,-8.4,2
DSC00014,2022/8/6 4:58,120.0617302,29.0663467,826.5,2.3,2.6,-12.8,2
DSC00015,2022/8/6 4:58,120.0616867,29.0669208,826.8,3.7,0.7,-10.7,2
DSC00016,2022/8/6 4:58,120.0616441,29.0674906,827.2,2.3,0.6,-11.3,2
DSC00017,2022/8/6 4:58,120.0615985,29.0680532,827,3.9,1.3,-11.4,2
DSC00018,2022/8/6 4:58,120.0615531,29.0686375,827,3.6,0.5,-13.1,2
DSC00019,2022/8/6 4:58,120.0615041,29.069225,827.1,4.7,1.1,-11.8,2
DSC00020,2022/8/6 4:58,120.0614672,29.0698224,827.7,1.7,0.3,-10.5,2
DSC00021,2022/8/6 4:58,120.0614302,29.0704297,827.1,28.7,1.9,-11.5,2
DSC00022,2022/8/6 4:58,120.0616952,29.0710136,826.2,30,0.1,30,2
DSC00023,2022/8/6 4:58,120.0623268,29.071367,826.6,27.3,-1.9,72.2,2
DSC00024,2022/8/6 4:59,120.0631017,29.0714056,828.4,25.5,3.5,81.4,2
DSC00025,2022/8/6 4:59,120.0638558,29.0711791,827.6,30.7,-0.5,121.7,2
DSC00026,2022/8/6 4:59,120.0643399,29.0706422,828,30.2,-3.3,159.8,2
DSC00027,2022/8/6 4:59,120.0644374,29.0699502,827.9,11.1,-0.1,-168.5,2
DSC00028,2022/8/6 4:59,120.0643336,29.0692649,829.6,-7,-4.8,-171.8,2
DSC00029,2022/8/6 4:59,120.0643023,29.0685333,831,-0.4,-5.3,-178.6,2
DSC00030,2022/8/6 4:59,120.0643225,29.0678006,829.4,-4.2,-1.7,-179.5,2
DSC00031,2022/8/6 4:59,120.0643691,29.0670558,830.2,0.1,-3.7,168.8,2
DSC00032,2022/8/6 4:59,120.0644367,29.0663144,830,5,-2.3,179,2
DSC00033,2022/8/6 4:59,120.0644812,29.0656038,828.1,0.2,0.3,176.4,2
DSC00034,2022/8/6 4:59,120.0645332,29.0649229,828.9,-0.4,-2.9,170,2
DSC00035,2022/8/6 4:59,120.0646168,29.064233,827.9,6.7,-2.2,179.5,2
DSC00036,2022/8/6 4:59,120.064652,29.0635366,826.9,1.8,1.4,170.5,2
DSC00037,2022/8/6 4:59,120.0647083,29.0628465,826.7,2.7,1.3,170.2,2
DSC00038,2022/8/6 4:59,120.0647574,29.0621746,826.6,1.6,1.5,173.6,2
DSC00039,2022/8/6 4:59,120.0647861,29.0615265,827,0.4,0.3,177.1,2
DSC00040,2022/8/6 4:59,120.0648258,29.0608708,828,-2,-1.5,168.6,2
DSC00041,2022/8/6 4:59,120.0648979,29.0602007,827.7,6,-0.9,169.6,2
DSC00042,2022/8/6 4:59,120.064946,29.0595127,827.6,1.7,0.2,172,2
DSC00043,2022/8/6 4:59,120.0649942,29.0588304,827.1,3.3,0.8,171.5,2
DSC00044,2022/8/6 5:00,120.0650414,29.0581445,827,2.4,1.1,174.4,2
DSC00045,2022/8/6 5:00,120.0650839,29.057474,828,2.9,-2.1,171.4,2
DSC00046,2022/8/6 5:00,120.0651302,29.0568154,828.4,1.3,-1.8,167.5,2
DSC00047,2022/8/6 5:00,120.065182,29.0561601,828.1,3.4,-1.6,169.2,2
DSC00048,2022/8/6 5:00,120.0652337,29.0555078,827.8,3.8,-0.5,171.1,2
DSC00049,2022/8/6 5:00,120.0652839,29.0548689,827.7,4.5,-0.7,171.1,2
DSC00050,2022/8/6 5:00,120.0653261,29.0542226,827.4,1.6,-0.8,173.6,2
DSC00051,2022/8/6 5:00,120.065366,29.0535849,827.5,2.4,-0.2,169.9,2
DSC00052,2022/8/6 5:00,120.0654077,29.0529532,827.5,2.2,-1.2,172.1,2
DSC00053,2022/8/6 5:00,120.0654505,29.0523144,827.7,3.8,-0.8,175.5,2
DSC00054,2022/8/6 5:00,120.0654923,29.0516773,828,2.1,-2.3,173.7,2
DSC00055,2022/8/6 5:00,120.0655474,29.0510327,827.6,4.6,-0.8,174.5,2
DSC00056,2022/8/6 5:00,120.0655911,29.0504004,827.6,0.5,-1,173.8,2
DSC00057,2022/8/6 5:00,120.0656397,29.0497653,827.8,2.1,-1.4,176.1,2
DSC00058,2022/8/6 5:00,120.0656833,29.0491405,827.4,1.6,-1.7,170.5,2
DSC00059,2022/8/6 5:00,120.0657378,29.0485147,827.8,2.8,-2.1,170.9,2
DSC00060,2022/8/6 5:00,120.0657817,29.0478756,827.7,1.1,-1.1,175.1,2
DSC00061,2022/8/6 5:00,120.0658216,29.047228,827.6,0.9,0,172.2,2
DSC00062,2022/8/6 5:00,120.0658812,29.0465766,826.8,3.2,0.8,169.3,2
DSC00063,2022/8/6 5:00,120.0659415,29.0459066,827.3,1.6,-0.3,168.5,2
DSC00064,2022/8/6 5:01,120.066001,29.0452443,827.9,4.4,-1.9,171.3,2
DSC00065,2022/8/6 5:01,120.0660458,29.0445754,828,4.1,-1.2,173.1,2
DSC00066,2022/8/6 5:01,120.0660942,29.0439023,827.9,6.9,-1.7,172.7,2
DSC00067,2022/8/6 5:01,120.0661344,29.043211,828.7,3.7,-3.7,170.8,2
DSC00068,2022/8/6 5:01,120.0661743,29.0425,828.5,1.1,-2.8,176.2,2
DSC00069,2022/8/6 5:01,120.0662192,29.0417904,829.3,2.9,-6.6,178.5,2
DSC00070,2022/8/6 5:01,120.0662708,29.0410779,829.5,4,-4.1,170.1,2
DSC00071,2022/8/6 5:01,120.0663265,29.0403814,828.5,1.8,-3.2,177.3,2
DSC00072,2022/8/6 5:01,120.0663692,29.039678,828.8,2,-4.8,174.1,2
DSC00073,2022/8/6 5:01,120.0664232,29.0389671,830.1,1.5,-7.9,-176.8,2
DSC00074,2022/8/6 5:01,120.0664549,29.0382854,829.5,0.5,-5,176.7,2
DSC00075,2022/8/6 5:01,120.0664812,29.0376155,831,-2.8,-8.8,175,2
DSC00076,2022/8/6 5:01,120.0665363,29.0369508,829.4,-2.7,-5.9,169,2
DSC00077,2022/8/6 5:01,120.0666291,29.036275,829.6,5,-6.7,171.9,2
DSC00078,2022/8/6 5:01,120.0666785,29.0356303,828.7,1.4,-4.4,172.8,2
DSC00079,2022/8/6 5:01,120.0667172,29.0350004,827.9,1.9,-4,172.6,2
DSC00080,2022/8/6 5:01,120.0667719,29.0343533,828,4.8,-4.7,168.8,2
DSC00081,2022/8/6 5:01,120.0668257,29.0336993,828.4,2.2,-4.9,167.5,2
DSC00082,2022/8/6 5:01,120.066873,29.0330357,827.7,2.9,-2.8,170.2,2
DSC00083,2022/8/6 5:01,120.066924,29.0323684,826.8,2.7,-1.2,172.4,2
DSC00084,2022/8/6 5:02,120.0669705,29.0317034,827.3,2.4,-2.2,173.9,2
DSC00085,2022/8/6 5:02,120.0670219,29.0310441,826.5,2.7,-0.3,174.2,2
DSC00086,2022/8/6 5:02,120.0670635,29.0303776,826.9,2.1,-2.1,-177.3,2
DSC00087,2022/8/6 5:02,120.067093,29.0296832,827.7,0.7,-1.5,172.3,2
DSC00088,2022/8/6 5:02,120.0671609,29.0289969,827.7,1,-4.1,165.4,2
DSC00089,2022/8/6 5:02,120.0672541,29.0283082,828.2,7.1,-3.8,168.7,2
DSC00090,2022/8/6 5:02,120.0672887,29.027628,829.2,0,-6.5,175.2,2
DSC00091,2022/8/6 5:02,120.0673083,29.0269723,829.4,-2,-4.6,174.7,2
DSC00092,2022/8/6 5:02,120.067355,29.0263358,828.3,-3.9,-2.7,174.1,2
DSC00093,2022/8/6 5:02,120.0675561,29.0257324,825.3,-32.8,-0.7,142.8,2
DSC00094,2022/8/6 5:02,120.0681785,29.0253791,823.8,-31.3,0.7,96,2
DSC00095,2022/8/6 5:02,120.0689704,29.025466,825.4,-16.6,1.9,73.8,2
DSC00096,2022/8/6 5:02,120.069692,29.0258207,825.1,-34.2,-1.7,30.3,2
DSC00097,2022/8/6 5:02,120.069995,29.0264892,825.8,-19.2,-0.5,-16.3,2
DSC00098,2022/8/6 5:02,120.0699262,29.0271753,827.9,3,-1.5,-22.6,2
DSC00099,2022/8/6 5:02,120.0698204,29.0278454,830.1,5.2,-6.4,-21.8,2
DSC00100,2022/8/6 5:02,120.0697301,29.0285447,832.2,5.1,-8.1,-17.5,2
DSC00101,2022/8/6 5:02,120.0696618,29.0292546,832.4,2.3,-6,-19.6,2
DSC00102,2022/8/6 5:02,120.0696124,29.0299377,830.6,1.4,-6,-12.8,2
DSC00103,2022/8/6 5:02,120.0695642,29.0306247,830.2,1.5,-5.9,-15,2
DSC00104,2022/8/6 5:03,120.0695015,29.0312964,828.8,1.4,-2.4,-18.3,2
DSC00105,2022/8/6 5:03,120.0694329,29.0319382,827.6,2.4,-0.8,-15.8,2
DSC00106,2022/8/6 5:03,120.0693795,29.0325926,828,2.3,-3.2,-14,2
DSC00107,2022/8/6 5:03,120.0693237,29.0332542,827.5,3.9,-0.6,-14.5,2
DSC00108,2022/8/6 5:03,120.0692717,29.0339311,827.6,4.2,-1.9,-11.2,2
DSC00109,2022/8/6 5:03,120.0692318,29.0346008,830.1,-0.7,-7.1,-8.2,2
DSC00110,2022/8/6 5:03,120.0691867,29.0352638,829.7,0,-4,-6.4,2
DSC00111,2022/8/6 5:03,120.0691368,29.0359091,829.7,1.7,-5.7,-14.3,2
DSC00112,2022/8/6 5:03,120.0690656,29.0365674,830.2,2,-7.6,-10.5,2
DSC00113,2022/8/6 5:03,120.0690004,29.0372242,829.8,1.4,-5.1,-7.6,2
DSC00114,2022/8/6 5:03,120.068952,29.0378852,829.4,2.2,-5.4,-8.6,2
DSC00115,2022/8/6 5:03,120.0689008,29.0385215,829.4,1.3,-6.2,-13.3,2
DSC00116,2022/8/6 5:03,120.0688534,29.0391523,829.2,0.6,-5.1,-12,2
DSC00117,2022/8/6 5:03,120.0687954,29.0397991,829.4,2.8,-7.3,-13.9,2
DSC00118,2022/8/6 5:03,120.0687387,29.0404401,829.6,0.4,-6.5,-16.4,2
DSC00119,2022/8/6 5:03,120.068677,29.0410804,829.4,6,-5.2,-16.3,2
DSC00120,2022/8/6 5:03,120.0686225,29.0417345,829.1,3.2,-5.4,-18.9,2
DSC00121,2022/8/6 5:03,120.068565,29.0423975,828.1,2.6,-2.7,-14.5,2
DSC00122,2022/8/6 5:03,120.0685197,29.0430281,827.4,1.9,-2.1,-14.9,2
DSC00123,2022/8/6 5:03,120.0684719,29.0436414,827.4,2,-2.4,-10.5,2
DSC00124,2022/8/6 5:04,120.0684319,29.0442627,827.8,0.5,-3.7,-14.6,2
DSC00125,2022/8/6 5:04,120.0683693,29.0448894,827.6,3.7,-2.4,-13.8,2
DSC00126,2022/8/6 5:04,120.0683066,29.045521,827.4,2.9,-2.1,-13.3,2
DSC00127,2022/8/6 5:04,120.0682474,29.0461629,827.2,3.9,-1.7,-12.7,2
DSC00128,2022/8/6 5:04,120.0681939,29.0468273,827.2,2.6,-1.9,-15.1,2
DSC00129,2022/8/6 5:04,120.0681346,29.0475075,827.8,3.3,-4.2,-12.9,2
DSC00130,2022/8/6 5:04,120.068077,29.0481951,827.5,2.1,-0.3,-11.9,2
DSC00131,2022/8/6 5:04,120.068023,29.048848,826.2,2.8,1,-13,2
DSC00132,2022/8/6 5:04,120.0679697,29.0494942,825.8,4.3,1.1,-10,2
DSC00133,2022/8/6 5:04,120.0679225,29.050156,825.7,2.5,2.1,-10.7,2
DSC00134,2022/8/6 5:04,120.0678603,29.0508133,825.9,4.3,1.5,-13.3,2
DSC00135,2022/8/6 5:04,120.0677946,29.0514877,826.2,4.1,0.9,-12.1,2
DSC00136,2022/8/6 5:04,120.0677401,29.0521776,826.2,3.9,1.3,-11.8,2
DSC00137,2022/8/6 5:04,120.0676927,29.0528737,826.6,2,0.7,-13.5,2
DSC00138,2022/8/6 5:04,120.0676342,29.0535655,826.5,0.8,0.7,-14.8,2
DSC00139,2022/8/6 5:04,120.0675621,29.0542682,827.3,4.5,-1.3,-12.2,2
DSC00140,2022/8/6 5:04,120.0675101,29.0549641,827.7,3.1,-0.5,-9.8,2
DSC00141,2022/8/6 5:04,120.0674658,29.055645,827.3,1.4,-0.2,-9.6,2
DSC00142,2022/8/6 5:04,120.0674127,29.0563233,826.9,2.4,1.2,-8.8,2
DSC00143,2022/8/6 5:04,120.0673589,29.0569875,826.8,1.4,1,-11.4,2
DSC00144,2022/8/6 5:05,120.0672975,29.0576333,827,2.7,0,-12.9,2
DSC00145,2022/8/6 5:05,120.0672385,29.0582684,827.4,2.7,0.1,-9.7,2
DSC00146,2022/8/6 5:05,120.0671866,29.0588868,827.3,2,0,-12.2,2
DSC00147,2022/8/6 5:05,120.0671321,29.0595041,827.1,2.2,0.2,-10.8,2
DSC00148,2022/8/6 5:05,120.0670882,29.0601294,826.9,0.6,1.1,-8.7,2
DSC00149,2022/8/6 5:05,120.0670313,29.060756,827,3.6,0.1,-12,2
DSC00150,2022/8/6 5:05,120.066967,29.0613696,827.1,3.9,2.4,-7.9,2
DSC00151,2022/8/6 5:05,120.0669122,29.0619627,827,4.9,0.5,-7.9,2
DSC00152,2022/8/6 5:05,120.0668659,29.0625712,827.3,1.9,0.4,-11.8,2
DSC00153,2022/8/6 5:05,120.0668109,29.063179,827,1.8,0.9,-12,2
DSC00154,2022/8/6 5:05,120.066763,29.0637854,827.5,3.5,-0.2,-13.5,2
DSC00155,2022/8/6 5:05,120.0667106,29.0643957,827.3,1,0.3,-15.6,2
DSC00156,2022/8/6 5:05,120.0666487,29.0649992,827.3,4.8,-0.3,-15.3,2
DSC00157,2022/8/6 5:05,120.0666034,29.0656143,827.4,4.1,0,-14.9,2
DSC00158,2022/8/6 5:05,120.0665654,29.0662342,826.8,2,2.3,-13.1,2
DSC00159,2022/8/6 5:05,120.0665097,29.0668593,826.8,4.9,1.9,-13.7,2
DSC00160,2022/8/6 5:05,120.0664579,29.067472,826.8,3.8,1.4,-13.2,2
DSC00161,2022/8/6 5:05,120.0664132,29.0681044,827.7,1.8,-0.3,-11.4,2
DSC00162,2022/8/6 5:05,120.0663653,29.0687365,827.8,1.1,-0.9,-13.4,2
DSC00163,2022/8/6 5:05,120.0663046,29.0693664,827.7,4.6,0.7,-16.2,2
DSC00164,2022/8/6 5:06,120.0662543,29.0699957,827.8,2.2,1.3,-12.7,2
DSC00165,2022/8/6 5:06,120.0662065,29.0705881,826.8,0.7,2,-18.4,2
DSC00166,2022/8/6 5:06,120.0661793,29.0711968,825.7,31.8,1.7,2.7,2
DSC00167,2022/8/6 5:06,120.0665369,29.0717496,825.2,31.7,2.6,46,2
DSC00168,2022/8/6 5:06,120.0672481,29.0720356,825.5,28,1.7,79.3,2
DSC00169,2022/8/6 5:06,120.0680525,29.0719933,827.2,27.1,-0.5,102.1,2
DSC00170,2022/8/6 5:06,120.0687349,29.0716025,826.2,30.9,3.7,140.4,2
DSC00171,2022/8/6 5:06,120.0690407,29.0709969,825.5,18,4.9,176.4,2
DSC00172,2022/8/6 5:06,120.0690663,29.0703578,826.6,3.4,4.3,-176.4,2
DSC00173,2022/8/6 5:06,120.0690685,29.069703,826.6,1.8,3.9,176.7,2
DSC00174,2022/8/6 5:06,120.0691097,29.0690226,827.6,2.1,1.8,173,2
DSC00175,2022/8/6 5:06,120.0691739,29.0683228,830.2,1.4,-2.2,168.7,2
DSC00176,2022/8/6 5:06,120.0692435,29.0676322,828.6,5.6,1.4,176.3,2
DSC00177,2022/8/6 5:06,120.0692866,29.0669673,828.3,1.8,1.1,179.9,2
DSC00178,2022/8/6 5:06,120.0693287,29.0663041,827.9,3,0.2,176.2,2
DSC00179,2022/8/6 5:06,120.0693694,29.0656179,829.3,2.1,-3.4,170.6,2
DSC00180,2022/8/6 5:06,120.0694252,29.0649003,830.3,0.6,-5.5,171.3,2
DSC00181,2022/8/6 5:06,120.0694997,29.0641583,829.6,5.4,-2.2,178.1,2
DSC00182,2022/8/6 5:06,120.069549,29.0634196,828.9,1.4,-0.7,172.9,2
DSC00183,2022/8/6 5:06,120.069627,29.0626881,828.2,5.6,-1.3,170.9,2
DSC00184,2022/8/6 5:07,120.0696916,29.0619573,828.1,2.3,-0.9,173.7,2
DSC00185,2022/8/6 5:07,120.0697457,29.0612346,827.3,2.3,1.1,171.3,2
DSC00186,2022/8/6 5:07,120.0698022,29.0605148,827.7,3.5,-0.2,174.4,2
DSC00187,2022/8/6 5:07,120.0698553,29.0598312,827.4,2.2,0.6,171.6,2
DSC00188,2022/8/6 5:07,120.0699123,29.0591715,826.8,2.9,1.9,165.1,2
DSC00189,2022/8/6 5:07,120.0699684,29.058509,826.3,2.4,2.4,171.7,2
DSC00190,2022/8/6 5:07,120.0700196,29.0578274,827.1,1.9,1,172.5,2
DSC00191,2022/8/6 5:07,120.0700753,29.0571658,827.2,2.5,1,169.6,2
DSC00192,2022/8/6 5:07,120.0701368,29.0565256,827.7,4.7,0,171.7,2
DSC00193,2022/8/6 5:07,120.0701931,29.055903,827.6,2.5,0.5,170.9,2
DSC00194,2022/8/6 5:07,120.0702465,29.0552876,827.1,3.2,1.4,172.8,2
DSC00195,2022/8/6 5:07,120.0702886,29.0546666,826.6,0.7,2.9,173.6,2
DSC00196,2022/8/6 5:07,120.0703452,29.0540535,826.3,1.6,2.8,172.6,2
DSC00197,2022/8/6 5:07,120.0704055,29.0534336,826.9,4.4,1.2,173.9,2
DSC00198,2022/8/6 5:07,120.0704456,29.0528128,826.8,2.4,2.6,172.3,2
DSC00199,2022/8/6 5:07,120.0704962,29.0521973,826.4,2.3,2.6,170.2,2
DSC00200,2022/8/6 5:07,120.0705564,29.0515742,827.2,4.4,1,168.7,2
DSC00201,2022/8/6 5:07,120.0706123,29.0509298,827.8,3.7,0,171,2
DSC00202,2022/8/6 5:07,120.0706623,29.0502761,828.4,2.7,-0.3,170.2,2
DSC00203,2022/8/6 5:07,120.0707174,29.0496391,828.1,4.1,-1,171.2,2
DSC00204,2022/8/6 5:08,120.0707726,29.0489966,828,3.8,0.7,172.8,2
DSC00205,2022/8/6 5:08,120.0708211,29.048364,827.4,3.7,1.3,172.3,2
DSC00206,2022/8/6 5:08,120.0708716,29.0477218,827.3,2.8,1.4,172.1,2
DSC00207,2022/8/6 5:08,120.0709271,29.0470738,827.1,2.7,1.7,172.3,2
DSC00208,2022/8/6 5:08,120.0709823,29.0464284,826.6,4,3.1,170.6,2
DSC00209,2022/8/6 5:08,120.0710377,29.0457657,826.9,3.8,1.9,169.8,2
DSC00210,2022/8/6 5:08,120.0710948,29.0450927,827.3,1.8,1.2,170.2,2
DSC00211,2022/8/6 5:08,120.0711598,29.0444149,828.6,4.6,-1.9,174.4,2
DSC00212,2022/8/6 5:08,120.0712056,29.0437316,828.3,0.5,0.3,169.8,2
DSC00213,2022/8/6 5:08,120.0712696,29.0430396,828.4,4,-0.9,172.1,2
DSC00214,2022/8/6 5:08,120.0713427,29.0423306,828.2,5,-0.3,172.5,2
DSC00215,2022/8/6 5:08,120.0713935,29.0416367,828.1,3.5,-0.6,173.8,2
DSC00216,2022/8/6 5:08,120.0714372,29.0409443,827.5,1.4,0.6,174.7,2
DSC00217,2022/8/6 5:08,120.0714882,29.0402536,827.2,2.7,1.6,174.2,2
DSC00218,2022/8/6 5:08,120.0715494,29.0395829,827.3,2.9,0.3,171.1,2
DSC00219,2022/8/6 5:08,120.0716178,29.0389057,828.6,4.5,-2.9,174.8,2
DSC00220,2022/8/6 5:08,120.0716522,29.0382463,828.9,0.5,-1.6,177.4,2
DSC00221,2022/8/6 5:08,120.0716919,29.0375835,827.7,2.2,0.5,170.5,2
DSC00222,2022/8/6 5:08,120.0717724,29.0369099,827.3,3.1,0.9,168.2,2
DSC00223,2022/8/6 5:08,120.0718459,29.0362579,827.9,4.6,-0.8,173.6,2
DSC00224,2022/8/6 5:09,120.0718904,29.0356475,828.3,4.7,-2.2,176.8,2
DSC00225,2022/8/6 5:09,120.0719195,29.0350266,828.7,3.3,-1.6,176.8,2
DSC00226,2022/8/6 5:09,120.0719835,29.0344039,828.6,2,-2.2,171.3,2
DSC00227,2022/8/6 5:09,120.0720639,29.0337727,829.2,5.7,-4.9,175.1,2
DSC00228,2022/8/6 5:09,120.0721194,29.0331189,828.7,4,-3.1,172.8,2
DSC00229,2022/8/6 5:09,120.0721607,29.0324617,828.9,-0.1,-3.9,174.3,2
DSC00230,2022/8/6 5:09,120.0722034,29.0318264,828.6,1.7,-2.5,171.6,2
DSC00231,2022/8/6 5:09,120.0722547,29.0312106,827.6,1.5,-1.7,173.2,2
DSC00232,2022/8/6 5:09,120.072301,29.0305913,827,3.9,0.7,176.3,2
DSC00233,2022/8/6 5:09,120.0723405,29.0299397,826.8,1.1,0.1,169.3,2
DSC00234,2022/8/6 5:09,120.0724108,29.0292764,826.6,2.8,0.6,169.7,2
DSC00235,2022/8/6 5:09,120.0724797,29.0286096,826.7,1.4,0.9,168,2
DSC00236,2022/8/6 5:09,120.0725584,29.0279503,827.7,6.4,-1.6,168.8,2
DSC00237,2022/8/6 5:09,120.0726032,29.027272,829.5,-1,-5,171.5,2
DSC00238,2022/8/6 5:09,120.0726659,29.0265906,830.9,-28.5,-5.6,-179.4,2
DSC00239,2022/8/6 5:09,120.073041,29.0259596,828.6,-29.8,-3.1,131.7,2
DSC00240,2022/8/6 5:09,120.0737709,29.0256963,828.6,-25.5,-5.7,88.1,2
DSC00241,2022/8/6 5:09,120.0745543,29.0258207,828.8,-26.1,-2.8,72.4,2
DSC00242,2022/8/6 5:09,120.0751748,29.0262602,828.9,-27.5,-5.8,34.7,2
DSC00243,2022/8/6 5:09,120.0753826,29.026946,829,-12.7,-4.9,-12.2,2
DSC00244,2022/8/6 5:10,120.0753057,29.0276079,829.1,1.4,-1.9,-20.1,2
DSC00245,2022/8/6 5:10,120.0752203,29.0282372,828.9,2.5,-3.5,-16.5,2
DSC00246,2022/8/6 5:10,120.0751536,29.028846,828.3,2.3,-2,-15.9,2
DSC00247,2022/8/6 5:10,120.0750925,29.0294282,827.8,4.4,-1.9,-19.3,2
DSC00248,2022/8/6 5:10,120.0750339,29.0300426,827.8,4.1,-1.5,-13.5,2
DSC00249,2022/8/6 5:10,120.0749987,29.0306719,827.6,-3.3,0,-14.4,2
DSC00250,2022/8/6 5:10,120.0749314,29.0312863,825.8,5.8,1.8,-17.3,2
DSC00251,2022/8/6 5:10,120.0748801,29.0319183,826.6,0.2,0.9,-12.8,2
DSC00252,2022/8/6 5:10,120.0748514,29.0325548,827.6,0.8,-1.6,-5.4,2
DSC00253,2022/8/6 5:10,120.0748183,29.0332056,828.2,2.8,-2.3,-11.5,2
DSC00254,2022/8/6 5:10,120.0747643,29.03385,828.3,5.3,-2.8,-8.5,2
DSC00255,2022/8/6 5:10,120.0747237,29.0345023,828,3.7,-2.2,-14.6,2
DSC00256,2022/8/6 5:10,120.0746774,29.0351761,828,2.5,-2,-8.2,2
DSC00257,2022/8/6 5:10,120.0746365,29.0358266,827.1,0.8,0.4,-10.1,2
DSC00258,2022/8/6 5:10,120.0745814,29.0364556,826.4,4.6,0.7,-11.8,2
DSC00259,2022/8/6 5:10,120.0745271,29.0370889,826.7,4.4,0,-10.5,2
DSC00260,2022/8/6 5:10,120.0744835,29.0377252,826,5.7,0.7,-12.4,2
DSC00261,2022/8/6 5:10,120.0744417,29.038384,826.5,3.2,-0.3,-13.3,2
DSC00262,2022/8/6 5:10,120.0744005,29.0390511,827.3,1.4,-1.3,-14,2
DSC00263,2022/8/6 5:10,120.0743475,29.0397248,827.5,5.1,-2.4,-17.1,2
DSC00264,2022/8/6 5:11,120.0743023,29.0404235,828.2,3.2,-2.4,-13,2
DSC00265,2022/8/6 5:11,120.0742693,29.0411024,827.1,0.1,0.9,-11.6,2
DSC00266,2022/8/6 5:11,120.0742295,29.0417579,826,3.2,2.5,-12.2,2
DSC00267,2022/8/6 5:11,120.0741883,29.0423915,825.9,0.6,1.8,-16.8,2
DSC00268,2022/8/6 5:11,120.0741256,29.043025,826.6,2.7,0.9,-17.1,2
DSC00269,2022/8/6 5:11,120.0740632,29.0436783,827.2,5.5,-0.7,-17.5,2
DSC00270,2022/8/6 5:11,120.0740123,29.0443525,828.1,3,-1.8,-16.8,2
DSC00271,2022/8/6 5:11,120.0739669,29.0450451,827.9,1.5,-0.6,-16,2
DSC00272,2022/8/6 5:11,120.0739225,29.0457324,827.6,3.2,-1.2,-15.9,2
DSC00273,2022/8/6 5:11,120.0738762,29.0464167,828,3,-1.7,-14.7,2
DSC00274,2022/8/6 5:11,120.0738381,29.047091,827.8,1.6,-1.5,-14.2,2
DSC00275,2022/8/6 5:11,120.0737931,29.0477511,827.3,2,-0.9,-15.9,2
DSC00276,2022/8/6 5:11,120.0737462,29.0483866,826.8,3.5,0.8,-16.8,2
DSC00277,2022/8/6 5:11,120.0737034,29.0490197,826,0.8,2.1,-15.7,2
DSC00278,2022/8/6 5:11,120.0736516,29.0496716,826.7,3.6,0,-15.1,2
DSC00279,2022/8/6 5:11,120.0736031,29.0503291,827.4,2.3,-0.3,-13.3,2
DSC00280,2022/8/6 5:11,120.0735593,29.0509711,827.3,3,-0.1,-12.7,2
DSC00281,2022/8/6 5:11,120.0735082,29.0516112,827.6,2.5,0.1,-14.6,2
DSC00282,2022/8/6 5:11,120.0734573,29.052229,826.5,4,2.3,-12.4,2
DSC00283,2022/8/6 5:11,120.0734157,29.0528505,826.2,2.5,1.2,-11.6,2
DSC00284,2022/8/6 5:12,120.0733748,29.0534566,826.7,1.6,0.9,-11.7,2
DSC00285,2022/8/6 5:12,120.0733331,29.0540714,826.4,3,2.2,-16,2
DSC00286,2022/8/6 5:12,120.0732839,29.0546854,826.7,3.2,1.6,-12.4,2
DSC00287,2022/8/6 5:12,120.073237,29.055287,826.4,4.4,2,-11.9,2
DSC00288,2022/8/6 5:12,120.0731929,29.0558945,827.2,2.6,0.8,-13.4,2
DSC00289,2022/8/6 5:12,120.0731472,29.0565141,827.7,3.5,-0.1,-11.7,2
DSC00290,2022/8/6 5:12,120.0731053,29.0571413,827.2,2.9,1.9,-11.2,2
DSC00291,2022/8/6 5:12,120.0730595,29.0577736,827,5.3,1.3,-14,2
DSC00292,2022/8/6 5:12,120.0730106,29.0584148,827,2.4,1.4,-13.2,2
DSC00293,2022/8/6 5:12,120.0729658,29.0590455,826.8,3.6,2.3,-11.8,2
DSC00294,2022/8/6 5:20,120.0722538,29.0716339,827.2,2.9,-0.4,-16.2,2
DSC00295,2022/8/6 5:20,120.0721209,29.0722584,826.7,30.9,1.6,-14.5,2
DSC00296,2022/8/6 5:20,120.0723095,29.072877,825.8,30.2,1.5,29.4,2
DSC00297,2022/8/6 5:20,120.0728876,29.0732967,825.8,27.5,2.5,64.6,2
DSC00298,2022/8/6 5:20,120.073612,29.0734107,825.6,22.7,4.8,85.7,2
DSC00299,2022/8/6 5:20,120.0743642,29.0732468,824.7,30.7,4,118.4,2
DSC00300,2022/8/6 5:20,120.074892,29.0727322,825.2,29.1,3.1,154.5,2
DSC00301,2022/8/6 5:20,120.0750084,29.0720924,825.5,11.5,3.3,-170.5,2
DSC00302,2022/8/6 5:21,120.0749061,29.0714572,827,-5.4,2.3,-172,2
DSC00303,2022/8/6 5:21,120.0748763,29.0708085,827.8,-1.3,0.5,173.3,2
DSC00304,2022/8/6 5:21,120.0749133,29.0701521,829.1,1.9,-0.9,172.8,2
DSC00305,2022/8/6 5:21,120.0749652,29.0694707,829,3.5,-1,165.1,2
DSC00306,2022/8/6 5:21,120.0750204,29.0687846,828.5,4,-0.8,171.2,2
DSC00307,2022/8/6 5:21,120.0750592,29.0681019,828.5,-0.2,-1.9,171,2
DSC00308,2022/8/6 5:21,120.0751136,29.0674063,828,3.1,0,169.1,2
DSC00309,2022/8/6 5:21,120.0751687,29.0666984,828.2,3.9,-1.2,171.1,2
DSC00310,2022/8/6 5:21,120.0752106,29.0659999,828.5,2.5,-1.4,173.6,2
DSC00311,2022/8/6 5:21,120.0752552,29.0653201,827.7,3.4,0.1,172.6,2
DSC00312,2022/8/6 5:21,120.0752964,29.0646415,827.5,2.4,0.3,174.4,2
DSC00313,2022/8/6 5:21,120.0753398,29.0639558,827.3,3.4,0,173.6,2
DSC00314,2022/8/6 5:21,120.0753888,29.0632497,827.4,1.8,0.8,172.2,2
DSC00315,2022/8/6 5:21,120.0754431,29.0625529,826.6,4.3,3.1,173.2,2
DSC00316,2022/8/6 5:21,120.0754827,29.0618801,826.8,1.5,1.1,175.1,2
DSC00317,2022/8/6 5:21,120.0755342,29.0612042,828.6,5.3,-3,175.5,2
DSC00318,2022/8/6 5:21,120.0755831,29.0605152,830,3.6,-5.7,174,2
DSC00319,2022/8/6 5:21,120.0756289,29.0598313,829.9,3.1,-4.8,174.5,2
DSC00320,2022/8/6 5:21,120.0756761,29.0591571,828.6,2.2,-1,176.3,2
DSC00321,2022/8/6 5:21,120.0757192,29.0584801,827.1,2.8,0.4,176.2,2
DSC00322,2022/8/6 5:22,120.0757534,29.057793,827,2.1,0.3,173.8,2
DSC00323,2022/8/6 5:22,120.0757972,29.0571045,827,2,0.4,173.2,2
DSC00324,2022/8/6 5:22,120.0758487,29.0564197,827.2,3.6,0.1,172.7,2
DSC00325,2022/8/6 5:22,120.0758989,29.0557413,827.1,3.9,0.5,173.8,2
DSC00326,2022/8/6 5:22,120.0759405,29.0550733,826.9,2,0.7,173.5,2
DSC00327,2022/8/6 5:22,120.0759884,29.0544121,826.9,3.3,0.9,173.9,2
DSC00328,2022/8/6 5:22,120.0760375,29.0537682,826.5,2.7,1.8,174.5,2
DSC00329,2022/8/6 5:22,120.0760861,29.0531202,826.7,4.6,0.5,173.9,2
DSC00330,2022/8/6 5:22,120.0761279,29.0524542,827.4,1.9,-0.3,174.1,2
DSC00331,2022/8/6 5:22,120.0761764,29.0517942,827.9,3.8,-1,171.5,2
DSC00332,2022/8/6 5:22,120.0762216,29.0511291,828.3,2.3,-0.8,172.7,2
DSC00333,2022/8/6 5:22,120.0762686,29.0504687,827.8,1.3,0,174.6,2
DSC00334,2022/8/6 5:22,120.0763165,29.0498211,827.2,3.2,0.7,174.9,2
DSC00335,2022/8/6 5:22,120.0763551,29.0491773,827.1,3.1,0.4,174.8,2
DSC00336,2022/8/6 5:22,120.0763963,29.0485306,827.6,2.4,-0.1,174.4,2
DSC00337,2022/8/6 5:22,120.0764417,29.0478862,827.5,2.4,-0.4,175.8,2
DSC00338,2022/8/6 5:22,120.076488,29.0472365,827.8,3.4,-0.6,174.5,2
DSC00339,2022/8/6 5:22,120.0765336,29.0465939,827.7,3.1,-0.1,174.2,2
DSC00340,2022/8/6 5:22,120.0765816,29.0459621,827.8,3,-1,173.6,2
DSC00341,2022/8/6 5:22,120.0766324,29.0453306,827.9,4.3,-0.9,173.9,2
DSC00342,2022/8/6 5:23,120.0766748,29.0447059,827.8,0.9,-0.7,174.8,2
DSC00343,2022/8/6 5:23,120.0767224,29.044081,827.5,4.2,0,174.4,2
DSC00344,2022/8/6 5:23,120.0767508,29.0434625,827.6,0.4,-1.5,175.1,2
DSC00345,2022/8/6 5:23,120.076794,29.0428194,827.3,2.9,0.6,174.1,2
DSC00346,2022/8/6 5:23,120.0768448,29.0421758,826.9,3.2,0.8,174.2,2
DSC00347,2022/8/6 5:23,120.0768901,29.0415302,826.5,2.6,2.7,173.9,2
DSC00348,2022/8/6 5:23,120.0769339,29.0409032,826.1,3.2,3.1,173.4,2
DSC00349,2022/8/6 5:23,120.0769757,29.0403034,826,3.2,3.3,173,2
DSC00350,2022/8/6 5:23,120.0770184,29.039698,826.4,2.9,2.1,171.4,2
DSC00351,2022/8/6 5:23,120.0770657,29.0390882,827.2,1.4,0.9,173.7,2
DSC00352,2022/8/6 5:23,120.0771121,29.0384637,827.3,3.8,0.5,173.5,2
DSC00353,2022/8/6 5:23,120.077149,29.0378206,827.6,2.9,1.1,177.3,2
DSC00354,2022/8/6 5:23,120.077183,29.0371767,826.9,3,1.9,172.7,2
DSC00355,2022/8/6 5:23,120.0772212,29.036522,827.6,2,0,171.9,2
DSC00356,2022/8/6 5:23,120.0772702,29.0358552,828,2.8,-0.6,171.8,2
DSC00357,2022/8/6 5:23,120.0773208,29.0351834,828.4,2.8,-1.7,172.5,2
DSC00358,2022/8/6 5:23,120.0773685,29.0345069,828.6,2.5,-2.1,170.9,2
DSC00359,2022/8/6 5:23,120.0774182,29.0338228,828.2,4.3,-0.7,169.8,2
DSC00360,2022/8/6 5:23,120.0774598,29.0331747,827,3.1,3.1,174.8,2
DSC00361,2022/8/6 5:23,120.0774945,29.0325802,825.6,3.6,3.1,175.2,2
DSC00362,2022/8/6 5:24,120.0775218,29.031989,825.6,-0.4,4.1,167.7,2
DSC00363,2022/8/6 5:24,120.0775813,29.0313934,825.9,3.7,4,171.7,2
DSC00364,2022/8/6 5:24,120.0776237,29.0308013,825.4,4.8,5.4,171.7,2
DSC00365,2022/8/6 5:24,120.0776582,29.030203,825.3,1.8,3.7,170.7,2
DSC00366,2022/8/6 5:24,120.0777147,29.0295711,827.3,6.4,0.3,166.4,2
DSC00367,2022/8/6 5:24,120.077759,29.0289287,828.3,4.4,0,167.3,2
DSC00368,2022/8/6 5:24,120.077811,29.0282787,827.9,6.6,1.5,167.7,2
DSC00369,2022/8/6 5:24,120.0778451,29.027641,828.3,1.6,-0.5,167.9,2
DSC00370,2022/8/6 5:24,120.0779696,29.0270318,827.6,-30.6,-1.4,149.5,2
DSC00371,2022/8/6 5:24,120.0784946,29.0266046,827.3,-23.2,-2.4,103.5,2
DSC00372,2022/8/6 5:24,120.0792186,29.0265061,828.6,0.2,-1.8,87.9,2
DSC00373,2022/8/6 5:24,120.0799551,29.0265413,828.7,-28.4,-0.7,76.2,2
DSC00374,2022/8/6 5:24,120.0805192,29.026915,826.6,-27.5,1.9,26.2,2
DSC00375,2022/8/6 5:24,120.080684,29.027537,826.4,-8.9,3.6,-9.2,2
DSC00376,2022/8/6 5:24,120.0806238,29.0281998,827.4,4.1,0.1,-8.7,2
DSC00377,2022/8/6 5:24,120.0805496,29.0289209,829.2,-0.1,-2.4,-11.9,2
DSC00378,2022/8/6 5:24,120.080466,29.0296227,829.6,4.2,-2.3,-9.5,2
DSC00379,2022/8/6 5:24,120.0804159,29.0302925,828.9,3,-1.7,-10.1,2
DSC00380,2022/8/6 5:24,120.0803705,29.0309636,828.7,3.4,-1.5,-9.7,2
DSC00381,2022/8/6 5:24,120.0803276,29.0316341,828.5,4.3,-0.2,-11.3,2
DSC00382,2022/8/6 5:25,120.0802886,29.0322903,826.7,2.1,3.5,-13.1,2
DSC00383,2022/8/6 5:25,120.0802351,29.0329462,826.2,4.7,3.1,-12.2,2
DSC00384,2022/8/6 5:25,120.0801863,29.0336087,825.7,6,4.1,-8.7,2
DSC00385,2022/8/6 5:25,120.0801586,29.0342852,828.6,1.6,-2.3,-9.2,2
DSC00386,2022/8/6 5:25,120.0801137,29.0349431,829.1,3.4,-1.3,-9.7,2
DSC00387,2022/8/6 5:25,120.0800665,29.035575,827.8,2.2,0.6,-10.6,2
DSC00388,2022/8/6 5:25,120.0800131,29.0362057,827.1,4,1.3,-8.6,2
DSC00389,2022/8/6 5:25,120.079965,29.0368478,827.1,2,-0.6,-1.8,2
DSC00390,2022/8/6 5:25,120.0799332,29.0375202,830.7,-0.2,-5.7,-12.3,2
DSC00391,2022/8/6 5:25,120.0798566,29.0382036,830.4,4.4,-0.9,-19.9,2
DSC00392,2022/8/6 5:25,120.0798076,29.0388548,827.6,3.4,2,-7.7,2
DSC00393,2022/8/6 5:25,120.0797869,29.0394837,826.5,0.5,2.5,-8.4,2
DSC00394,2022/8/6 5:25,120.0797466,29.0401297,827.2,2.7,0.1,-10.4,2
DSC00395,2022/8/6 5:25,120.0796927,29.0408019,827.2,3.9,0.9,-7.2,2
DSC00396,2022/8/6 5:25,120.0796402,29.0414834,827.3,4,2,-8.2,2
DSC00397,2022/8/6 5:25,120.0796006,29.0421732,827.1,2.3,2.2,-9.3,2
DSC00398,2022/8/6 5:25,120.0795576,29.0428582,827.5,2.5,0.7,-12,2
DSC00399,2022/8/6 5:25,120.0795053,29.0435378,827.5,3.6,0.9,-11.7,2
DSC00400,2022/8/6 5:25,120.0794579,29.0442181,827.9,1.5,-0.1,-11.3,2
DSC00401,2022/8/6 5:25,120.0794108,29.044893,828.5,1.1,-1.5,-12.1,2
DSC00402,2022/8/6 5:26,120.0793598,29.0455693,828.4,3.2,-0.5,-13.2,2
DSC00403,2022/8/6 5:26,120.079316,29.046248,828,2.1,-1.1,-12.1,2
DSC00404,2022/8/6 5:26,120.0792612,29.0469238,828.5,2.6,-1.6,-13.1,2
DSC00405,2022/8/6 5:26,120.0792124,29.0475926,828.2,2.6,-1.3,-12.7,2
DSC00406,2022/8/6 5:26,120.0791701,29.0482538,827.8,1.7,-0.8,-14.6,2
DSC00407,2022/8/6 5:26,120.0791226,29.0489124,827.3,1.9,0.4,-12.1,2
DSC00408,2022/8/6 5:26,120.0790786,29.0495699,826.9,3.1,0.8,-12.1,2
DSC00409,2022/8/6 5:26,120.0790391,29.0502172,826.5,2.5,1.4,-12.5,2
DSC00410,2022/8/6 5:26,120.0789931,29.050861,826.3,3.3,2.2,-10.7,2
DSC00411,2022/8/6 5:26,120.0789456,29.0515078,826.4,2,1.9,-13.9,2
DSC00412,2022/8/6 5:26,120.0788875,29.0521581,826.7,4.6,1.7,-11.2,2
DSC00413,2022/8/6 5:26,120.0788451,29.052815,826.8,1.7,1.6,-11.3,2
DSC00414,2022/8/6 5:26,120.0787983,29.0534817,827.4,2.8,0.1,-11.2,2
DSC00415,2022/8/6 5:26,120.0787565,29.0541481,827.6,3,0.1,-11.3,2
DSC00416,2022/8/6 5:26,120.0787126,29.0548077,827.7,2.7,0.3,-10.6,2
DSC00417,2022/8/6 5:26,120.0786679,29.0554532,827.5,1.9,0.4,-13.6,2
DSC00418,2022/8/6 5:26,120.0786196,29.0560923,827.4,2.9,1,-10.1,2
DSC00419,2022/8/6 5:26,120.078575,29.0567274,827.2,1.7,1.3,-11.6,2
DSC00420,2022/8/6 5:26,120.0785244,29.0573601,827.2,2.8,1.4,-9.6,2
DSC00421,2022/8/6 5:26,120.0784796,29.0579855,827,3.8,2,-10.4,2
DSC00422,2022/8/6 5:27,120.0784324,29.0586138,827,4.2,1.8,-11,2
DSC00423,2022/8/6 5:27,120.0783896,29.0592474,827.2,3.7,1.3,-9.9,2
DSC00424,2022/8/6 5:27,120.07835,29.0598848,827.6,2,0.7,-10.8,2
DSC00425,2022/8/6 5:27,120.078301,29.0605141,827.8,3.6,0.4,-10,2
DSC00426,2022/8/6 5:27,120.0782552,29.0611445,827.8,4.9,0.7,-9.5,2
DSC00427,2022/8/6 5:27,120.0782189,29.0617857,827.8,1.4,0.5,-11,2
DSC00428,2022/8/6 5:27,120.0781699,29.0624176,828.4,3.5,-1.1,-12,2
DSC00429,2022/8/6 5:27,120.0781227,29.0630499,827.9,3.8,1.5,-10.3,2
DSC00430,2022/8/6 5:27,120.0780827,29.0636823,827.7,4.3,0.1,-6.4,2
DSC00431,2022/8/6 5:27,120.0780496,29.0643124,827.6,2,-0.7,-7.9,2
DSC00432,2022/8/6 5:27,120.0779956,29.064948,828.1,7.4,-0.3,-7.5,2
DSC00433,2022/8/6 5:27,120.0779566,29.0656058,827.4,2.7,1.2,-6.1,2
DSC00434,2022/8/6 5:27,120.0779168,29.0662711,827.3,1.5,1.7,-10.6,2
DSC00435,2022/8/6 5:27,120.0778597,29.0669176,826.3,3.9,3.2,-9.4,2
DSC00436,2022/8/6 5:27,120.0778083,29.0675674,826.5,4,2.5,-9.1,2
DSC00437,2022/8/6 5:27,120.0777614,29.0682297,827,2.7,1.3,-9.4,2
DSC00438,2022/8/6 5:27,120.0777163,29.0688848,827.1,2.9,2.3,-11.7,2
DSC00439,2022/8/6 5:27,120.0776636,29.0695336,827.1,3.5,1.3,-11.9,2
DSC00440,2022/8/6 5:27,120.0776092,29.0702087,828.3,-0.2,-1.5,-10.9,2
DSC00441,2022/8/6 5:27,120.077546,29.070893,829.1,6.9,-3.1,-8.6,2
DSC00442,2022/8/6 5:28,120.077514,29.0715825,830.7,0.4,-3.7,-7.4,2
DSC00443,2022/8/6 5:28,120.0774749,29.072222,829.2,1,-1.9,-11.2,2
DSC00444,2022/8/6 5:28,120.0774377,29.0728554,827.3,30.2,0.3,-2.8,2
DSC00445,2022/8/6 5:28,120.0777402,29.0734427,825.4,30.4,3.4,36.6,2
DSC00446,2022/8/6 5:28,120.0784038,29.0737894,825.1,24,3.4,79.9,2
DSC00447,2022/8/6 5:28,120.079184,29.073842,826.3,27.2,7.6,85.5,2
DSC00448,2022/8/6 5:28,120.0799235,29.0736103,826,32.9,2.2,130.2,2
DSC00449,2022/8/6 5:28,120.080345,29.0730576,826.2,26.6,2.8,168.2,2
DSC00450,2022/8/6 5:28,120.0804017,29.0724331,826.6,4.2,4.5,-172.8,2
DSC00451,2022/8/6 5:28,120.0803865,29.071808,827.8,0,1.4,-178.1,2
DSC00452,2022/8/6 5:28,120.0804142,29.0711703,828.3,3.3,1.2,176.4,2
DSC00453,2022/8/6 5:28,120.0804535,29.0705332,828.2,5.1,1.8,-179.5,2
DSC00454,2022/8/6 5:28,120.080477,29.0698864,827.3,-2,2.8,171.2,2
DSC00455,2022/8/6 5:28,120.0805449,29.0692239,827.6,4,1.4,171.6,2
DSC00456,2022/8/6 5:28,120.080613,29.0685617,828.2,4,0.4,170,2
DSC00457,2022/8/6 5:28,120.080671,29.0679216,827.7,3.9,2.1,175.5,2
DSC00458,2022/8/6 5:28,120.0807138,29.0673025,827,2.7,2.8,172.7,2
DSC00459,2022/8/6 5:28,120.0807577,29.066672,827,1.8,3.2,170.1,2
DSC00460,2022/8/6 5:28,120.0808047,29.0660355,827.6,2.7,0.3,169.8,2
DSC00461,2022/8/6 5:28,120.0808512,29.06537,829.5,3,-3.3,168.8,2
DSC00462,2022/8/6 5:29,120.0809101,29.0646942,828.7,3.4,0.2,169.5,2
DSC00463,2022/8/6 5:29,120.0809678,29.0640197,828.2,4,-0.4,169.3,2
DSC00464,2022/8/6 5:29,120.0810192,29.0633514,827.8,1.9,0.9,172.4,2
DSC00465,2022/8/6 5:29,120.0810688,29.0626879,827.1,2.1,1.7,170.4,2
DSC00466,2022/8/6 5:29,120.0811335,29.062004,827.6,3.6,0.1,169.5,2
DSC00467,2022/8/6 5:29,120.0811872,29.0613044,828.1,3.4,-0.3,175.7,2
DSC00468,2022/8/6 5:29,120.0812259,29.0606049,828.9,0.9,-2.4,175.2,2
DSC00469,2022/8/6 5:29,120.081272,29.0599047,828.8,2,-2.3,171,2
DSC00470,2022/8/6 5:29,120.0813334,29.0592244,827.9,2.9,0.3,174.9,2
DSC00471,2022/8/6 5:29,120.0813886,29.058571,827.4,2.4,0.9,175.1,2
DSC00472,2022/8/6 5:29,120.0814404,29.0579336,827.2,3,0.6,172.3,2
DSC00473,2022/8/6 5:29,120.0814936,29.0572885,827.6,3.6,-0.4,171.8,2
DSC00474,2022/8/6 5:29,120.0815498,29.0566339,827.3,1.8,0.7,170.2,2
DSC00475,2022/8/6 5:29,120.081606,29.0559704,827.5,2.6,0.1,172,2
DSC00476,2022/8/6 5:29,120.0816543,29.0553145,827.8,1.9,-0.7,172.5,2
DSC00477,2022/8/6 5:29,120.0817094,29.0546623,828,3.7,-0.9,173.2,2
DSC00478,2022/8/6 5:29,120.0817575,29.054011,827.7,1.9,0.1,174.9,2
DSC00479,2022/8/6 5:29,120.0818095,29.0533714,827.1,3,1.1,174.6,2
DSC00480,2022/8/6 5:29,120.081862,29.0527387,827.3,3.2,0,174.1,2
DSC00481,2022/8/6 5:29,120.0819185,29.0521095,826.8,5.1,2.2,170.8,2
DSC00482,2022/8/6 5:30,120.0819643,29.0514842,826.3,2.5,3,174.3,2
DSC00483,2022/8/6 5:30,120.0820117,29.0508513,827,2.9,0.7,169.8,2
DSC00484,2022/8/6 5:30,120.0820609,29.0502199,827.2,2.8,1.1,172,2
DSC00485,2022/8/6 5:30,120.0821074,29.0495945,827.3,3.2,-0.4,172.5,2
DSC00486,2022/8/6 5:30,120.0821601,29.0489615,827.4,3.9,1,172.9,2
DSC00487,2022/8/6 5:30,120.0822107,29.0483141,827.1,3.8,1.2,171,2
DSC00488,2022/8/6 5:30,120.0822576,29.0476648,827.7,2,-0.6,170.3,2
DSC00489,2022/8/6 5:30,120.0823103,29.0470091,827.8,3,-0.3,171.1,2
DSC00490,2022/8/6 5:30,120.0823555,29.0463687,827.9,2.3,-1.3,175.3,2
DSC00491,2022/8/6 5:30,120.0824084,29.0457333,828.6,2.9,-2.9,175.3,2
DSC00492,2022/8/6 5:30,120.0824426,29.0450858,828.9,-0.3,-0.6,175.5,2
DSC00493,2022/8/6 5:30,120.0824937,29.0444509,827.7,2,0.1,171,2
DSC00494,2022/8/6 5:30,120.082561,29.0438223,827.4,4.2,0.5,174,2
DSC00495,2022/8/6 5:30,120.0826226,29.043205,827.4,5.5,1.2,172.1,2
DSC00496,2022/8/6 5:30,120.0826585,29.0425805,829.1,0.4,-2.8,176.4,2
DSC00497,2022/8/6 5:30,120.0826904,29.0419235,830.3,-0.9,-4.6,167.9,2
DSC00498,2022/8/6 5:30,120.0827673,29.041272,828.4,5.8,-1.8,176.3,2
DSC00499,2022/8/6 5:30,120.0828039,29.0406294,827.5,1.3,0.8,173.2,2
DSC00500,2022/8/6 5:30,120.08286,29.0399893,826.9,3,1.6,171,2
DSC00501,2022/8/6 5:30,120.0829203,29.039358,826.4,2.1,2.4,170.5,2
DSC00502,2022/8/6 5:31,120.0829761,29.0387333,826.8,3.9,0.6,170.5,2
DSC00503,2022/8/6 5:31,120.0830219,29.0380991,826.8,2.1,1.9,172.3,2
DSC00504,2022/8/6 5:31,120.0830771,29.0374645,827.1,4.2,1.1,173,2
DSC00505,2022/8/6 5:31,120.0831267,29.0368318,827.3,1.9,1.6,173.9,2
DSC00506,2022/8/6 5:31,120.0831781,29.0361918,827,2.2,1.4,173,2
DSC00507,2022/8/6 5:31,120.0832323,29.0355464,826.7,2.8,3.1,174.3,2
DSC00508,2022/8/6 5:31,120.0832898,29.0349214,825.9,4.8,4.2,171.7,2
DSC00509,2022/8/6 5:31,120.0833463,29.0342779,827.1,3.4,-0.6,170.6,2
DSC00510,2022/8/6 5:31,120.0833974,29.0336081,828.3,4.1,-0.9,173.1,2
DSC00511,2022/8/6 5:31,120.0834351,29.0329313,828.2,1.6,0,174.5,2
DSC00512,2022/8/6 5:31,120.0834843,29.0322573,828.2,2.3,0,173.4,2
DSC00513,2022/8/6 5:31,120.0835556,29.0315836,829.1,4.3,-1.7,172.3,2
DSC00514,2022/8/6 5:31,120.0836283,29.0309006,830.9,8.4,-7.8,167.1,2
DSC00515,2022/8/6 5:31,120.0836822,29.0301662,834.1,2,-9.5,173.1,2
DSC00516,2022/8/6 5:31,120.0837266,29.0294207,834.7,1.4,-9.1,174.9,2
DSC00517,2022/8/6 5:31,120.0837963,29.0286763,833.7,-28,-8.6,177.1,2
DSC00518,2022/8/6 5:31,120.0842052,29.0280184,831.4,-31.2,-7.9,130.6,2
DSC00519,2022/8/6 5:31,120.0849707,29.0277087,829.5,-25.1,-6,89.3,2
DSC00520,2022/8/6 5:31,120.0857695,29.0277597,827.1,-30,1.4,76.2,2
DSC00521,2022/8/6 5:31,120.0863501,29.0281528,824.8,-28.1,0.9,17.4,2
DSC00522,2022/8/6 5:32,120.0864895,29.0287626,826.5,-3.6,1,-15.4,2
DSC00523,2022/8/6 5:32,120.0864532,29.0293977,829.1,1.9,-2.6,-13,2
DSC00524,2022/8/6 5:32,120.0864062,29.0300617,830,1.7,-3.8,-15,2
DSC00525,2022/8/6 5:32,120.0863466,29.0307293,830.5,1.4,-3.6,-16.2,2
DSC00526,2022/8/6 5:32,120.0862975,29.031362,828.8,-3.9,-1,-16.5,2
DSC00527,2022/8/6 5:32,120.0862228,29.0319839,827.6,6.9,1.4,-13,2
DSC00528,2022/8/6 5:32,120.0861811,29.0326327,827.7,2.9,0.1,-10.6,2
DSC00529,2022/8/6 5:32,120.0861406,29.0332891,827.9,0.8,-0.1,-15.5,2
DSC00530,2022/8/6 5:32,120.0860779,29.0339353,827.5,4.4,0.9,-10.4,2
DSC00531,2022/8/6 5:32,120.0860238,29.0345881,827.8,2.9,-0.1,-10.4,2
DSC00532,2022/8/6 5:32,120.0859698,29.035232,828.1,2.7,-0.4,-11,2
DSC00533,2022/8/6 5:32,120.0859251,29.0358572,827.2,4,1.3,-12.7,2
DSC00534,2022/8/6 5:32,120.0858778,29.0364893,826.6,2.2,2.3,-13.2,2
DSC00535,2022/8/6 5:32,120.0858178,29.0371394,826.8,2.9,1.5,-12.4,2
DSC00536,2022/8/6 5:32,120.0857568,29.0377934,826.8,4.1,1.8,-13.9,2
DSC00537,2022/8/6 5:32,120.0857046,29.0384524,827.1,4,1.5,-13.3,2
DSC00538,2022/8/6 5:32,120.0856651,29.0391198,826.7,-0.7,2.3,-12.4,2
DSC00539,2022/8/6 5:32,120.0856112,29.0397868,827.2,2.9,1,-13.9,2
DSC00540,2022/8/6 5:32,120.0855539,29.0404632,827.6,3.4,0.5,-12.6,2
DSC00541,2022/8/6 5:32,120.0855011,29.0411432,827.6,1.7,-0.3,-12.6,2
DSC00542,2022/8/6 5:33,120.0854469,29.0418264,827.6,0.2,0,-11,2
DSC00543,2022/8/6 5:33,120.085382,29.0424966,828.3,8,-1,-21.2,2
DSC00544,2022/8/6 5:33,120.0853298,29.0431919,829.6,4.7,-4.3,-10.3,2
DSC00545,2022/8/6 5:33,120.0853025,29.0439105,830.3,2.9,-5.4,-12.1,2
DSC00546,2022/8/6 5:33,120.0852631,29.0446274,829.6,3.1,-4.5,-12.6,2
DSC00547,2022/8/6 5:33,120.0851983,29.0453378,829.2,4.3,-3.6,-18.4,2
DSC00548,2022/8/6 5:33,120.085137,29.045999,826.8,4.5,1.3,-14.8,2
DSC00549,2022/8/6 5:33,120.0851046,29.0466591,827,0,-2,-8.8,2
DSC00550,2022/8/6 5:33,120.0850624,29.0473198,827.4,1.5,1.3,-13.6,2
DSC00551,2022/8/6 5:33,120.0850055,29.0479723,827.3,0.3,-0.7,-13.1,2
DSC00552,2022/8/6 5:33,120.0849467,29.0486034,827.1,2.7,0,-16.1,2
DSC00553,2022/8/6 5:33,120.0848773,29.0492735,826.3,4.8,2.4,-16.7,2
DSC00554,2022/8/6 5:33,120.0848148,29.0499585,826.5,2.4,1.3,-14.1,2
DSC00555,2022/8/6 5:33,120.0847638,29.0506402,826.5,2.9,1.1,-14.3,2
DSC00556,2022/8/6 5:33,120.0847211,29.0513158,826.6,2.1,1,-14.4,2
DSC00557,2022/8/6 5:33,120.0846717,29.0519877,826.8,0.8,2.2,-18.3,2
DSC00558,2022/8/6 5:33,120.0846012,29.052657,826.6,4.3,0.5,-19,2
DSC00559,2022/8/6 5:33,120.0845423,29.0533366,827.5,3.5,0.2,-12.9,2
DSC00560,2022/8/6 5:33,120.0845138,29.0540061,826.6,0.7,1.7,-14,2
DSC00561,2022/8/6 5:33,120.084478,29.0546531,826.4,1.1,2,-16.8,2
DSC00562,2022/8/6 5:34,120.0844236,29.0552811,826.1,2.3,3,-15.9,2
DSC00563,2022/8/6 5:34,120.0843673,29.0559088,826.1,1.8,2.8,-19.5,2
DSC00564,2022/8/6 5:34,120.0843106,29.0565243,826.1,5.2,3.4,-10,2
DSC00565,2022/8/6 5:34,120.0842911,29.057161,826.9,-1.8,0.8,-8.9,2
DSC00566,2022/8/6 5:34,120.0842277,29.0578303,828,1.9,0,-12.8,2
DSC00567,2022/8/6 5:34,120.0841577,29.0585108,829,2.8,-2.1,-9.8,2
DSC00568,2022/8/6 5:34,120.0840956,29.0592051,828.8,3.9,0.5,-10.6,2
DSC00569,2022/8/6 5:34,120.0840418,29.0598821,828,3.2,0.3,-13.8,2
DSC00570,2022/8/6 5:34,120.0840069,29.0605467,828,1.4,-1.1,-13.4,2
DSC00571,2022/8/6 5:34,120.083965,29.0612129,828,-0.7,-1.2,-13.7,2
DSC00572,2022/8/6 5:34,120.0838891,29.0618894,828.6,5.9,-1.4,-11.1,2
DSC00573,2022/8/6 5:34,120.0838375,29.0625559,828.6,3.2,-2,-11.5,2
DSC00574,2022/8/6 5:34,120.0837905,29.0632093,827.9,3.6,0.5,-11.2,2
DSC00575,2022/8/6 5:34,120.0837415,29.0638556,827.8,4.8,-0.7,-11.4,2
DSC00576,2022/8/6 5:34,120.0836978,29.0645134,827.8,1.7,-0.3,-8.5,2
DSC00577,2022/8/6 5:34,120.0836553,29.0651826,828.3,0,-2,-10.4,2
DSC00578,2022/8/6 5:34,120.0835968,29.065858,828.8,2.2,-3.3,-11,2
DSC00579,2022/8/6 5:34,120.0835388,29.0665522,829.2,2.4,-3.6,-10.3,2
DSC00580,2022/8/6 5:34,120.0834905,29.067244,829.3,0.3,-4.6,-12.4,2
DSC00581,2022/8/6 5:34,120.0834296,29.0679422,829.3,3.7,-4.7,-10.1,2
DSC00582,2022/8/6 5:35,120.0833886,29.0686174,828.9,-0.9,-1.9,-12.5,2
DSC00583,2022/8/6 5:35,120.0833329,29.0692818,826.9,4.3,2.1,-10.9,2
DSC00584,2022/8/6 5:35,120.0832913,29.0699229,826.2,1.1,2.2,-11.1,2
DSC00585,2022/8/6 5:35,120.0832403,29.0705592,826.1,3.6,2.1,-14.5,2
DSC00586,2022/8/6 5:35,120.083185,29.0712005,826.2,2.4,1.8,-11.1,2
DSC00587,2022/8/6 5:35,120.0831305,29.0718451,826.8,2.8,1.1,-12.5,2
DSC00588,2022/8/6 5:35,120.0830698,29.0724854,826.8,5.4,2,-13,2
DSC00589,2022/8/6 5:39,120.0789959,29.020309,830.5,2.7,-5.2,176.3,2
DSC00590,2022/8/6 5:39,120.078967,29.0196899,829.5,6,-2.7,170.8,2
DSC00591,2022/8/6 5:39,120.0788827,29.0190592,828.6,12.5,-2.6,-172.9,2
DSC00592,2022/8/6 5:39,120.0786545,29.0184338,830.3,6,-6.4,-164.3,2
DSC00593,2022/8/6 5:39,120.078374,29.0178391,831.1,5,-7.8,-157.2,2
DSC00594,2022/8/6 5:39,120.078063,29.0172502,831.5,3.5,-8.7,-155.5,2
